MUNICIPIO,DF,DL,SECCION,TIPO,GOB_2019,PM_2019,DL_2019,GOB_2021,PM_2021,DL_2021,PM_2024,DL_2024,ESTRAT_CEN,CLASIFICACION,PRIORIDAD,PERFIL,CLASE,LN_FEB_26,MORENA_PM_2024,DIF_PM24,META
ENSENADA,7,15,1,URBANO(A),307,233,181,229,315,348,0,806,NO,SWITCH,1,ADULTOS MAYORES,ALTA,2485,298,298,299
ENSENADA,7,15,2,URBANO(A),334,249,234,299,348,398,0,399,NO,LEAL,2,ADULTOS MAYORES,ALTA,1500,97,97,98
ENSENADA,7,15,3,URBANO(A),51,51,49,16,38,36,0,87,NO,OPOSITOR,3,DISCAPACITADOS,MEDIA,1978,383,383,384
ENSENADA,7,15,4,URBANO(A),83,76,67,37,48,49,0,69,NO,OPOSITOR,3,DISCAPACITADOS,MEDIA BAJA,1922,418,418,419
ENSENADA,7,15,5,URBANO(A),34,26,30,11,18,18,0,37,NO,SWITCH,1,ADULTOS MAYORES,MEDIA,513,94,94,95
ENSENADA,7,15,6,URBANO(A),63,65,60,39,35,41,0,90,NO,OPOSITOR,3,POBLACION INDIGENA,MEDIA,1662,332,332,333
ENSENADA,7,15,7,URBANO(A),29,25,23,2,10,13,0,33,NO,OPOSITOR,3,DISCAPACITADOS,MEDIA,711,241,241,242
ENSENADA,7,15,8,URBANO(A),133,132,122,37,59,64,0,120,NO,SWITCH,1,POBLACION INDIGENA,MEDIA,1573,281,281,282
ENSENADA,7,15,9,URBANO(A),65,65,58,22,36,37,0,101,NO,OPOSITOR,3,DISCAPACITADOS,MEDIA ALTA,1156,179,179,180
ENSENADA,7,15,10,URBANO(A),82,74,71,24,50,54,0,146,NO,SWITCH,1,ADULTOS MAYORES,ALTA,1086,216,216,217
ENSENADA,7,15,11,URBANO(A),201,187,120,97,182,173,0,355,NO,SWITCH,1,DISCAPACITADOS,ALTA,2670,474,474,475
ENSENADA,7,16,12,URBANO(A),243,218,174,91,156,144,380,375,NO,SWITCH,1,MIXTO,MEDIA ALTA,5427,967,587,968
ENSENADA,3,16,15,URBANO(A),89,66,48,22,42,37,90,88,NO,OPOSITOR,3,MIXTO,MEDIA ALTA,1882,409,319,410
ENSENADA,3,16,16,URBANO(A),89,72,53,27,61,48,95,89,NO,OPOSITOR,3,DISCAPACITADOS,MEDIA ALTA,1729,360,265,361
ENSENADA,3,16,17,URBANO(A),131,122,84,57,94,96,186,172,NO,SWITCH,1,MIXTO,MEDIA ALTA,2702,547,361,548
ENSENADA,3,16,18,URBANO(A),208,184,137,100,136,159,325,285,NO,SWITCH,1,ADULTOS MAYORES,ALTA,1997,355,30,356
ENSENADA,3,15,19,URBANO(A),107,101,86,44,67,70,0,177,NO,SWITCH,1,ADULTOS MAYORES,ALTA,1346,239,239,240
ENSENADA,7,15,20,URBANO(A),158,138,128,103,133,148,0,282,NO,SWITCH,1,ADULTOS MAYORES,ALTA,1500,231,231,232
ENSENADA,7,15,21,URBANO(A),100,85,79,51,64,62,0,125,NO,SWITCH,1,ADULTOS MAYORES,ALTA,809,149,149,150
ENSENADA,7,15,22,URBANO(A),118,95,89,59,86,100,0,217,NO,SWITCH,1,ADULTOS MAYORES,ALTA,1012,196,196,197
ENSENADA,7,15,23,URBANO(A),269,224,159,212,251,290,0,474,NO,LEAL,2,ADULTOS MAYORES,ALTA,1218,135,135,136
ENSENADA,7,15,24,URBANO(A),114,96,90,69,81,93,0,202,NO,SWITCH,1,ADULTOS MAYORES,MEDIA ALTA,1246,226,226,227
ENSENADA,7,15,25,URBANO(A),112,94,87,72,107,117,0,192,NO,SWITCH,1,ADULTOS MAYORES,ALTA,963,150,150,151
ENSENADA,7,15,26,URBANO(A),112,98,90,53,87,95,0,194,NO,SWITCH,1,ADULTOS MAYORES,ALTA,829,157,157,158
ENSENADA,3,15,27,URBANO(A),78,68,59,34,57,61,0,182,NO,OPOSITOR,3,ADULTOS MAYORES,ALTA,1065,191,191,192
ENSENADA,3,15,28,URBANO(A),29,23,16,8,14,17,0,53,NO,SWITCH,1,MIXTO,ALTA,550,120,120,121
ENSENADA,3,15,29,URBANO(A),117,139,95,36,70,70,0,176,NO,SWITCH,1,ADULTOS MAYORES,ALTA,915,177,177,178
ENSENADA,3,16,30,URBANO(A),75,67,52,24,40,42,94,100,NO,OPOSITOR,3,DISCAPACITADOS,MEDIA ALTA,1226,242,148,243
ENSENADA,3,16,31,URBANO(A),52,52,33,20,33,32,56,58,NO,SWITCH,1,MIXTO,MEDIA ALTA,866,149,93,150
ENSENADA,3,16,32,URBANO(A),81,61,46,19,45,42,96,100,NO,OPOSITOR,3,ADULTOS MAYORES,MEDIA ALTA,1927,383,287,384
ENSENADA,3,16,33,URBANO(A),91,93,74,29,52,47,91,83,NO,OPOSITOR,3,ADULTOS MAYORES,MEDIA ALTA,1832,422,331,423
ENSENADA,3,16,34,URBANO(A),99,76,67,28,52,52,72,75,NO,SWITCH,1,MIXTO,MEDIA ALTA,1531,321,249,322
ENSENADA,3,16,35,URBANO(A),121,91,83,37,57,60,118,128,NO,OPOSITOR,3,MIXTO,MEDIA ALTA,2814,600,482,601
ENSENADA,7,16,36,URBANO(A),57,47,44,15,32,29,79,74,NO,OPOSITOR,3,ADULTOS,MEDIA,2374,404,325,405
ENSENADA,3,16,37,URBANO(A),114,95,79,33,51,53,84,90,NO,OPOSITOR,3,MIXTO,MEDIA,3038,643,559,644
ENSENADA,3,16,38,URBANO(A),62,56,46,31,34,34,66,68,NO,OPOSITOR,3,DISCAPACITADOS,MEDIA,2051,432,366,433
ENSENADA,3,16,39,URBANO(A),65,64,43,38,48,49,73,75,NO,SWITCH,1,DISCAPACITADOS,MEDIA ALTA,1593,328,255,329
ENSENADA,3,16,40,URBANO(A),91,64,74,33,47,56,92,77,NO,OPOSITOR,3,ADULTOS MAYORES,MEDIA ALTA,1754,366,274,367
ENSENADA,3,15,41,URBANO(A),82,74,58,24,46,49,0,120,NO,SWITCH,1,DISCAPACITADOS,MEDIA ALTA,1076,196,196,197
ENSENADA,3,15,42,URBANO(A),69,76,55,21,47,46,0,131,NO,OPOSITOR,3,ADULTOS MAYORES,ALTA,1061,194,194,195
ENSENADA,3,15,43,URBANO(A),133,117,103,62,95,102,0,190,NO,SWITCH,1,ADULTOS MAYORES,ALTA,940,93,93,94
ENSENADA,3,15,44,URBANO(A),49,44,47,23,29,32,0,95,NO,SWITCH,1,ADULTOS MAYORES,ALTA,582,129,129,130
ENSENADA,3,15,45,URBANO(A),65,54,53,23,35,30,0,57,NO,SWITCH,1,DISCAPACITADOS,MEDIA ALTA,599,14,14,15
ENSENADA,7,15,46,URBANO(A),128,102,97,73,105,119,0,218,NO,SWITCH,1,ADULTOS MAYORES,ALTA,721,97,97,98
ENSENADA,7,15,47,URBANO(A),149,105,95,82,130,131,0,221,NO,SWITCH,1,JEFAS DE HOGAR,ALTA,934,136,136,137
ENSENADA,7,15,48,URBANO(A),253,180,165,145,230,245,0,449,NO,SWITCH,1,ADULTOS MAYORES,ALTA,1616,220,220,221
ENSENADA,7,15,49,URBANO(A),20,13,13,5,15,18,0,40,NO,SWITCH,1,DISCAPACITADOS,MEDIA ALTA,316,41,41,42
ENSENADA,3,15,50,URBANO(A),17,14,13,14,21,21,0,41,NO,OPOSITOR,3,POBLACION INDIGENA,MEDIA,361,60,60,61
ENSENADA,3,15,51,URBANO(A),22,17,17,12,14,20,0,49,NO,OPOSITOR,3,POBLACION INDIGENA,MEDIA,428,100,100,101
ENSENADA,3,15,52,URBANO(A),59,46,49,35,37,46,0,112,NO,SWITCH,1,DISCAPACITADOS,MEDIA ALTA,741,134,134,135
ENSENADA,3,15,53,URBANO(A),35,35,24,13,19,22,0,51,NO,SWITCH,1,POBLACION INDIGENA,MEDIA ALTA,495,85,85,86
ENSENADA,3,15,54,URBANO(A),148,138,129,79,101,100,0,200,NO,SWITCH,1,JOVENES,MEDIA ALTA,866,137,137,138
ENSENADA,3,15,55,URBANO(A),80,79,77,35,60,71,0,137,NO,SWITCH,1,ADULTOS MAYORES,ALTA,572,98,98,99
ENSENADA,3,15,56,URBANO(A),53,46,41,29,36,33,0,101,NO,OPOSITOR,3,MIXTO,MEDIA ALTA,1208,205,205,206
ENSENADA,3,15,57,URBANO(A),33,34,28,2,16,16,0,39,NO,OPOSITOR,3,POBLACION INDIGENA,MEDIA,1066,219,219,220
ENSENADA,3,15,58,URBANO(A),77,66,62,32,45,47,0,98,NO,SWITCH,1,ADULTOS MAYORES,MEDIA ALTA,1308,269,269,270
ENSENADA,3,16,59,URBANO(A),66,63,60,30,53,51,85,81,NO,SWITCH,1,POBLACION INDIGENA,MEDIA,1585,275,190,276
ENSENADA,3,16,60,URBANO(A),133,119,86,49,76,76,147,144,NO,SWITCH,1,ADULTOS MAYORES,MEDIA ALTA,1936,346,199,347
ENSENADA,3,16,61,URBANO(A),128,109,87,38,63,63,131,123,NO,SWITCH,1,MIXTO,MEDIA ALTA,2232,507,376,508
ENSENADA,3,16,62,URBANO(A),60,51,38,21,40,32,62,56,NO,OPOSITOR,3,POBLACION INDIGENA,MEDIA,2320,492,430,493
ENSENADA,3,16,63,URBANO(A),70,58,49,27,43,60,64,70,NO,SWITCH,1,DISCAPACITADOS,MEDIA ALTA,791,164,100,165
ENSENADA,3,15,64,URBANO(A),70,63,60,44,50,56,0,126,NO,SWITCH,1,POBLACION INDIGENA,MEDIA ALTA,738,121,121,122
ENSENADA,3,15,65,URBANO(A),125,114,112,49,79,74,0,160,NO,SWITCH,1,ADULTOS MAYORES,ALTA,1131,201,201,202
ENSENADA,3,15,66,URBANO(A),72,64,58,33,58,60,0,130,NO,SWITCH,1,ADULTOS MAYORES,ALTA,862,140,140,141
ENSENADA,3,15,67,URBANO(A),91,86,74,48,78,86,0,150,NO,SWITCH,1,ADULTOS MAYORES,MEDIA ALTA,790,110,110,111
ENSENADA,3,15,68,URBANO(A),69,52,45,36,67,77,0,142,NO,SWITCH,1,ADULTOS MAYORES,MEDIA ALTA,748,94,94,95
ENSENADA,3,15,69,URBANO(A),60,50,46,14,34,35,0,68,NO,SWITCH,1,ADULTOS MAYORES,ALTA,705,126,126,127
ENSENADA,3,15,70,URBANO(A),47,41,39,24,28,34,0,95,NO,SWITCH,1,DISCAPACITADOS,MEDIA ALTA,595,108,108,109
ENSENADA,3,16,71,URBANO(A),81,80,60,31,58,51,88,96,NO,SWITCH,1,DISCAPACITADOS,ALTA,700,141,53,142
ENSENADA,3,16,72,URBANO(A),106,94,80,42,65,65,127,121,NO,SWITCH,1,DISCAPACITADOS,MEDIA ALTA,1169,246,119,247
ENSENADA,3,16,73,URBANO(A),66,55,45,28,47,48,104,91,NO,SWITCH,1,ADULTOS MAYORES,ALTA,715,107,3,108
ENSENADA,3,16,74,URBANO(A),86,79,59,40,63,68,100,101,NO,SWITCH,1,DISCAPACITADOS,MEDIA ALTA,884,172,72,173
ENSENADA,3,16,75,URBANO(A),61,55,52,20,40,41,109,96,NO,SWITCH,1,ADULTOS MAYORES,MEDIA ALTA,829,159,50,160
ENSENADA,3,15,76,URBANO(A),144,124,111,89,131,150,0,285,NO,SWITCH,1,ADULTOS MAYORES,ALTA,1071,133,133,134
ENSENADA,3,16,77,URBANO(A),375,180,133,140,152,253,287,250,NO,SWITCH,1,JEFAS DE HOGAR,ALTA,1005,156,-131,157
ENSENADA,3,16,78,URBANO(A),104,82,80,33,70,76,141,121,NO,SWITCH,1,JEFAS DE HOGAR,ALTA,743,152,11,153
ENSENADA,3,16,79,URBANO(A),123,102,115,48,69,72,155,149,NO,SWITCH,1,ADULTOS MAYORES,ALTA,1069,187,32,188
ENSENADA,3,16,80,URBANO(A),79,71,62,34,58,131,119,113,NO,SWITCH,1,DISCAPACITADOS,ALTA,935,212,93,213
ENSENADA,3,16,81,URBANO(A),76,81,63,32,49,48,75,66,NO,SWITCH,1,ADULTOS MAYORES,ALTA,847,80,5,81
ENSENADA,3,16,82,URBANO(A),45,37,31,22,27,27,62,65,NO,SWITCH,1,ADULTOS MAYORES,ALTA,672,128,66,129
ENSENADA,3,16,83,URBANO(A),91,82,54,34,48,62,127,138,NO,SWITCH,1,DISCAPACITADOS,ALTA,1125,158,31,159
ENSENADA,3,16,84,URBANO(A),86,81,73,32,69,54,114,121,NO,SWITCH,1,ADULTOS MAYORES,ALTA,1001,183,69,184
ENSENADA,3,16,85,URBANO(A),99,75,68,61,81,100,168,146,NO,SWITCH,1,ADULTOS MAYORES,ALTA,778,112,-56,113
ENSENADA,3,16,86,URBANO(A),175,139,152,92,151,154,570,263,NO,SWITCH,1,ADULTOS MAYORES,ALTA,1205,185,-385,186
ENSENADA,3,15,87,URBANO(A),185,154,134,105,170,166,0,330,NO,SWITCH,1,ADULTOS MAYORES,ALTA,1234,170,170,171
ENSENADA,3,15,88,URBANO(A),149,144,123,76,123,118,0,280,NO,SWITCH,1,MIXTO,ALTA,2157,408,408,409
ENSENADA,3,16,89,URBANO(A),147,142,104,75,124,139,219,205,NO,SWITCH,1,ADULTOS MAYORES,ALTA,879,140,-79,141
ENSENADA,3,16,90,URBANO(A),153,139,104,79,132,149,250,230,NO,SWITCH,1,ADULTOS MAYORES,ALTA,1075,174,-76,175
ENSENADA,3,16,91,URBANO(A),135,113,95,61,93,104,193,185,NO,SWITCH,1,ADULTOS MAYORES,ALTA,841,128,-65,129
ENSENADA,3,16,92,URBANO(A),99,79,72,46,71,69,149,154,NO,SWITCH,1,ADULTOS MAYORES,ALTA,1035,206,57,207
ENSENADA,3,16,93,URBANO(A),106,101,88,56,102,97,174,170,NO,SWITCH,1,ADULTOS MAYORES,ALTA,1038,185,11,186
ENSENADA,3,16,94,URBANO(A),89,74,67,53,66,71,166,158,NO,SWITCH,1,ADULTOS MAYORES,ALTA,1461,271,105,272
ENSENADA,3,16,95,URBANO(A),102,75,63,35,60,71,115,107,NO,SWITCH,1,MIXTO,MEDIA ALTA,1774,313,198,314
ENSENADA,3,16,96,URBANO(A),48,42,44,21,29,28,54,43,NO,OPOSITOR,3,DISCAPACITADOS,MEDIA BAJA,1741,394,340,395
ENSENADA,3,16,97,URBANO(A),31,35,27,8,7,7,19,24,NO,OPOSITOR,3,MIXTO,MEDIA,1313,310,291,311
ENSENADA,3,16,98,URBANO(A),124,127,98,52,76,80,174,148,NO,SWITCH,1,MIXTO,MEDIA ALTA,2171,501,327,502
ENSENADA,3,16,99,URBANO(A),83,69,64,34,55,56,82,76,NO,SWITCH,1,DISCAPACITADOS,MEDIA ALTA,1266,293,211,294
ENSENADA,3,16,100,URBANO(A),74,62,57,33,51,51,93,77,NO,SWITCH,1,ADULTOS MAYORES,ALTA,1397,346,253,347
ENSENADA,3,16,101,URBANO(A),73,68,58,31,50,47,111,99,NO,SWITCH,1,ADULTOS MAYORES,ALTA,1070,232,121,233
ENSENADA,3,16,102,URBANO(A),116,99,79,42,88,77,147,139,NO,SWITCH,1,ADULTOS MAYORES,ALTA,1255,252,105,253
ENSENADA,3,16,103,URBANO(A),107,78,74,42,57,65,128,130,NO,OPOSITOR,3,ADULTOS MAYORES,ALTA,1167,242,114,243
ENSENADA,3,16,104,URBANO(A),120,100,92,45,72,81,149,149,NO,SWITCH,1,ADULTOS MAYORES,ALTA,1403,279,130,280
ENSENADA,3,16,105,URBANO(A),170,147,146,82,123,131,276,274,NO,SWITCH,1,ADULTOS MAYORES,ALTA,1639,312,36,313
ENSENADA,3,16,106,URBANO(A),160,161,126,56,114,121,231,223,NO,SWITCH,1,ADULTOS MAYORES,ALTA,1989,375,144,376
ENSENADA,3,16,107,URBANO(A),81,84,70,37,56,61,87,85,NO,SWITCH,1,DISCAPACITADOS,MEDIA ALTA,1578,328,241,329
ENSENADA,3,16,109,URBANO(A),126,120,113,27,38,28,73,67,NO,OPOSITOR,3,MIXTO,MEDIA,3526,764,691,765
ENSENADA,3,16,110,URBANO(A),163,130,118,89,124,135,258,269,NO,SWITCH,1,ADULTOS MAYORES,ALTA,1259,211,-47,212
ENSENADA,3,15,111,URBANO(A),100,92,83,54,63,83,0,156,NO,SWITCH,1,POBLACION INDIGENA,ALTA,969,163,163,164
ENSENADA,3,15,112,URBANO(A),95,84,78,26,47,52,0,111,NO,SWITCH,1,MIXTO,ALTA,862,179,179,180
ENSENADA,3,15,113,URBANO(A),86,75,66,31,43,49,0,120,NO,SWITCH,1,ADULTOS MAYORES,ALTA,1215,140,140,141
ENSENADA,3,16,114,URBANO(A),221,210,177,136,209,234,365,368,NO,LEAL,2,ADULTOS MAYORES,ALTA,1530,223,-142,224
ENSENADA,3,16,115,URBANO(A),297,265,222,154,258,272,530,528,NO,SWITCH,1,ADULTOS MAYORES,ALTA,2207,345,-185,346
ENSENADA,3,15,116,URBANO(A),220,182,173,90,137,160,0,332,NO,SWITCH,1,ADULTOS MAYORES,ALTA,3295,695,695,696
ENSENADA,3,15,117,URBANO(A),122,109,88,47,88,95,0,228,NO,SWITCH,1,MIXTO,ALTA,1687,322,322,323
ENSENADA,3,16,118,URBANO(A),104,88,81,37,66,80,121,135,NO,SWITCH,1,DISCAPACITADOS,ALTA,1459,340,219,341
ENSENADA,3,16,119,URBANO(A),114,106,75,34,60,56,110,114,NO,SWITCH,1,ADULTOS MAYORES,ALTA,1230,229,119,230
ENSENADA,3,16,120,URBANO(A),72,67,62,16,25,25,62,54,NO,OPOSITOR,3,MIXTO,ALTA,1052,218,156,219
ENSENADA,3,16,121,URBANO(A),124,103,78,50,91,102,189,184,NO,SWITCH,1,MIXTO,ALTA,1776,346,157,347
ENSENADA,3,17,122,URBANO(A),57,61,57,38,50,51,54,57,NO,SWITCH,1,POBLACION INDIGENA,MEDIA ALTA,761,136,82,137
ENSENADA,3,17,124,URBANO(A),103,87,79,63,90,108,231,254,NO,OPOSITOR,3,ADULTOS MAYORES,MEDIA ALTA,2525,397,166,398
ENSENADA,3,17,125,URBANO(A),68,62,56,26,37,51,87,85,NO,OPOSITOR,3,POBLACION INDIGENA,MEDIA ALTA,1352,268,181,269
ENSENADA,3,17,127,URBANO(A),59,38,42,29,36,43,70,80,NO,OPOSITOR,3,DISCAPACITADOS,MEDIA ALTA,1308,271,201,272
ENSENADA,7,15,128,URBANO(A),35,30,28,24,35,33,0,51,NO,SWITCH,1,POBLACION INDIGENA,MEDIA BAJA,1972,524,524,525
ENSENADA,7,15,129,URBANO(A),26,22,16,27,31,36,0,66,NO,SWITCH,1,POBLACION INDIGENA,MEDIA BAJA,1706,403,403,404
ENSENADA,7,15,130,URBANO(A),95,84,85,25,38,43,0,83,NO,SWITCH,1,ADULTOS MAYORES,MEDIA ALTA,2132,456,456,457
ENSENADA,7,15,131,URBANO(A),75,74,70,25,32,30,0,71,NO,OPOSITOR,3,MIXTO,MEDIA ALTA,2389,550,550,551
ENSENADA,7,15,132,URBANO(A),110,111,100,24,50,52,0,136,NO,SWITCH,1,DISCAPACITADOS,MEDIA ALTA,1606,421,421,422
ENSENADA,7,15,133,URBANO(A),203,163,154,118,197,183,0,442,NO,SWITCH,1,ADULTOS MAYORES,ALTA,2527,424,424,425
ENSENADA,3,17,135,URBANO(A),51,38,42,19,26,23,47,54,NO,OPOSITOR,3,POBLACION INDIGENA,MEDIA BAJA,1191,240,193,241
ENSENADA,3,17,136,URBANO(A),85,85,86,32,37,34,26,36,NO,OPOSITOR,3,POBLACION INDIGENA,BAJA,2118,474,448,475
ENSENADA,3,17,137,URBANO(A),66,64,67,20,27,28,21,21,NO,SWITCH,1,POBLACION INDIGENA,MEDIA BAJA,978,231,210,232
ENSENADA,3,17,138,URBANO(A),32,32,36,14,18,16,41,47,NO,OPOSITOR,3,POBLACION INDIGENA,MEDIA BAJA,1007,200,159,201
ENSENADA,3,17,139,URBANO(A),104,102,110,36,62,67,93,98,NO,SWITCH,1,POBLACION INDIGENA,MEDIA BAJA,1946,433,340,434
ENSENADA,3,17,140,URBANO(A),109,105,111,51,67,56,87,96,NO,OPOSITOR,3,POBLACION INDIGENA,MEDIA BAJA,2179,455,368,456
ENSENADA,3,17,141,URBANO(A),65,66,67,27,31,33,63,81,NO,SWITCH,1,POBLACION INDIGENA,MEDIA BAJA,1755,355,292,356
ENSENADA,3,17,142,URBANO(A),187,190,197,56,77,73,101,118,NO,OPOSITOR,3,POBLACION INDIGENA,MEDIA BAJA,7077,1514,1413,1515
ENSENADA,3,17,143,URBANO(A),13,14,14,10,12,12,14,18,NO,OPOSITOR,3,POBLACION INDIGENA,BAJA,652,142,128,143
ENSENADA,3,17,144,URBANO(A),18,17,18,11,13,12,7,10,NO,SWITCH,1,POBLACION INDIGENA,BAJA,543,133,126,134
ENSENADA,3,17,145,URBANO(A),64,59,63,34,42,34,30,37,NO,OPOSITOR,3,POBLACION INDIGENA,MEDIA BAJA,1483,325,295,326
ENSENADA,3,17,146,URBANO(A),26,29,36,14,15,17,43,42,NO,OPOSITOR,3,POBLACION INDIGENA,MEDIA BAJA,1219,319,276,320
ENSENADA,3,17,147,URBANO(A),29,27,29,24,29,27,58,51,NO,OPOSITOR,3,POBLACION INDIGENA,MEDIA BAJA,1224,338,280,339
ENSENADA,3,17,148,URBANO(A),127,114,120,41,52,46,57,68,NO,SWITCH,1,POBLACION INDIGENA,BAJA,2179,551,494,552
SAN QUINTIN,3,17,149,URBANO(A),209,208,142,37,44,43,73,57,NO,SWITCH,1,N/D,BAJA,2691,486,413,487
SAN QUINTIN,3,17,150,URBANO(A),65,67,62,23,24,27,50,33,NO,SWITCH,1,N/D,MEDIA BAJA,1122,188,138,189
SAN QUINTIN,3,17,151,URBANO(A),118,110,118,35,46,39,70,45,NO,SWITCH,1,N/D,BAJA,2549,366,296,367
SAN QUINTIN,3,17,152,URBANO(A),177,170,181,123,119,112,125,118,NO,SWITCH,1,N/D,MEDIA BAJA,2498,348,223,349
SAN QUINTIN,3,17,153,URBANO(A),86,80,87,26,30,31,45,41,NO,OPOSITOR,3,N/D,BAJA,3574,544,499,545
SAN QUINTIN,3,17,154,URBANO(A),94,85,100,45,63,66,86,73,NO,OPOSITOR,3,N/D,MEDIA BAJA,1840,249,163,250
SAN QUINTIN,3,17,155,URBANO(A),37,34,32,12,20,19,16,26,NO,OPOSITOR,3,N/D,MEDIA BAJA,629,83,67,84
SAN QUINTIN,3,17,156,URBANO(A),60,57,47,22,27,24,27,47,NO,OPOSITOR,3,N/D,MEDIA BAJA,1249,210,183,211
SAN QUINTIN,3,17,157,URBANO(A),52,42,33,23,31,30,27,47,NO,OPOSITOR,3,N/D,MEDIA,1097,155,128,156
SAN QUINTIN,3,17,158,URBANO(A),94,100,95,42,41,44,40,61,NO,SWITCH,1,N/D,BAJA,2955,484,444,485
SAN QUINTIN,3,17,159,URBANO(A),48,49,55,12,11,15,9,18,NO,OPOSITOR,3,N/D,MEDIA BAJA,914,118,109,119
SAN QUINTIN,3,17,160,URBANO(A),43,34,43,14,23,27,33,31,NO,OPOSITOR,3,N/D,MEDIA BAJA,1179,137,104,138
SAN QUINTIN,3,17,161,URBANO(A),109,92,80,33,30,29,15,42,NO,SWITCH,1,N/D,BAJA,1378,199,184,200
SAN QUINTIN,3,17,162,URBANO(A),50,50,47,9,15,17,10,24,NO,SWITCH,1,N/D,BAJA,1527,227,217,228
ENSENADA,3,17,163,URBANO(A),17,21,18,12,14,13,15,14,NO,SWITCH,1,DISCAPACITADOS,ALTA,430,101,86,102
ENSENADA,3,17,164,URBANO(A),17,18,18,8,10,8,10,11,NO,SWITCH,1,ADULTOS MAYORES,ALTA,458,127,117,128
ENSENADA,3,17,165,URBANO(A),7,7,6,11,11,11,7,9,NO,SWITCH,1,MIXTO,ALTA,226,83,76,84
ENSENADA,7,15,166,RURAL,64,61,62,19,27,30,0,67,NO,OPOSITOR,3,POBLACION INDIGENA,MEDIA BAJA,1333,287,287,288
ENSENADA,7,15,167,RURAL,6,7,7,12,18,13,0,21,NO,OPOSITOR,3,POBLACION INDIGENA,BAJA,423,72,72,73
ENSENADA,7,15,168,MIXTO(A),38,43,43,38,47,53,0,116,NO,OPOSITOR,3,POBLACION INDIGENA,MEDIA BAJA,2924,514,514,515
ENSENADA,7,15,169,RURAL,34,38,31,22,36,37,0,64,NO,SWITCH,1,POBLACION INDIGENA,MEDIA BAJA,1745,458,458,459
ENSENADA,7,15,170,RURAL,39,37,43,23,31,27,0,34,NO,OPOSITOR,3,POBLACION INDIGENA,BAJA,588,140,140,141
ENSENADA,7,15,171,RURAL,30,27,32,24,28,22,0,71,NO,OPOSITOR,3,POBLACION INDIGENA,BAJA,2868,512,512,513
ENSENADA,7,15,173,RURAL,71,72,59,56,70,79,0,192,NO,SWITCH,1,POBLACION INDIGENA,MEDIA BAJA,2371,424,424,425
ENSENADA,7,15,174,RURAL,30,30,28,51,57,62,0,96,NO,SWITCH,1,POBLACION INDIGENA,MEDIA ALTA,401,55,55,56
ENSENADA,7,15,175,MIXTO(A),93,91,87,76,98,110,0,278,NO,SWITCH,1,MIXTO,MEDIA,1771,211,211,212
ENSENADA,3,17,177,RURAL,22,21,20,13,18,13,38,42,NO,OPOSITOR,3,POBLACION INDIGENA,BAJA,929,225,187,226
ENSENADA,3,17,178,MIXTO(A),217,210,220,70,84,77,101,107,NO,SWITCH,1,POBLACION INDIGENA,BAJA,6454,1719,1618,1720
ENSENADA,3,17,179,RURAL,34,33,33,10,8,8,9,7,NO,OPOSITOR,3,POBLACION INDIGENA,BAJA,588,147,138,148
ENSENADA,3,17,180,RURAL,19,16,14,16,12,15,39,39,NO,OPOSITOR,3,POBLACION INDIGENA,BAJA,990,274,235,275
ENSENADA,3,17,181,RURAL,27,26,25,10,17,12,73,75,NO,OPOSITOR,3,POBLACION INDIGENA,BAJA,1430,371,298,372
ENSENADA,3,17,182,RURAL,30,30,32,12,14,14,28,29,NO,OPOSITOR,3,POBLACION INDIGENA,BAJA,735,143,115,144
ENSENADA,3,17,183,RURAL,46,49,47,25,29,30,30,35,NO,SWITCH,1,POBLACION INDIGENA,BAJA,1413,277,247,278
ENSENADA,3,17,184,RURAL,14,13,12,10,13,9,5,4,NO,OPOSITOR,3,POBLACION INDIGENA,MEDIA BAJA,268,91,86,92
ENSENADA,3,17,185,RURAL,382,376,395,103,106,114,75,83,NO,SWITCH,1,POBLACION INDIGENA,BAJA,6362,1541,1466,1542
SAN QUINTIN,3,17,186,MIXTO(A),234,213,223,53,55,62,72,73,NO,SWITCH,1,N/D,BAJA,6669,1047,975,1048
SAN QUINTIN,3,17,187,MIXTO(A),194,200,206,47,61,60,64,83,NO,OPOSITOR,3,N/D,BAJA,7134,1161,1097,1162
SAN QUINTIN,3,17,188,RURAL,105,97,97,31,25,27,43,48,NO,OPOSITOR,3,N/D,BAJA,3689,533,490,534
SAN QUINTIN,3,17,190,RURAL,68,57,56,32,37,39,27,39,NO,SWITCH,1,N/D,BAJA,3142,471,444,472
SAN QUINTIN,3,17,191,RURAL,48,47,42,15,34,33,20,38,NO,SWITCH,1,N/D,BAJA,2321,221,201,222
SAN FELIPE,3,17,193,RURAL,7,7,8,5,6,6,5,4,NO,SWITCH,1,N/D,MEDIA BAJA,91,16,11,17
SAN QUINTIN,3,17,194,RURAL,161,163,156,53,60,58,35,72,NO,OPOSITOR,3,N/D,BAJA,6962,1008,973,1009
SAN QUINTIN,3,17,195,MIXTO(A),119,118,111,36,52,47,49,86,NO,OPOSITOR,3,N/D,BAJA,7001,888,839,889
SAN QUINTIN,3,17,196,RURAL,38,40,39,17,22,26,5,13,NO,OPOSITOR,3,N/D,BAJA,1614,246,241,247
SAN QUINTIN,3,17,197,RURAL,40,37,36,19,22,27,15,35,NO,OPOSITOR,3,N/D,BAJA,4237,631,616,632
SAN QUINTIN,3,17,198,RURAL,59,55,69,10,10,11,13,22,NO,SWITCH,1,N/D,MEDIA BAJA,610,94,81,95
SAN QUINTIN,3,17,199,RURAL,141,138,162,34,37,43,58,80,NO,SWITCH,1,N/D,MEDIA BAJA,2285,428,370,429
SAN QUINTIN,3,17,200,RURAL,17,17,23,11,8,11,10,11,NO,OPOSITOR,3,N/D,BAJA,158,18,8,19
SAN QUINTIN,3,17,201,RURAL,88,92,95,18,24,25,8,15,NO,SWITCH,1,N/D,BAJA,404,104,96,105
SAN QUINTIN,3,17,202,RURAL,91,96,136,14,13,11,20,25,NO,OPOSITOR,3,N/D,MEDIA BAJA,661,155,135,156
SAN QUINTIN,3,17,203,RURAL,54,60,60,15,17,17,11,12,NO,SWITCH,1,N/D,MEDIA BAJA,522,155,144,156
SAN QUINTIN,3,17,204,RURAL,3,3,4,6,5,5,1,1,NO,SWITCH,1,N/D,BAJA,71,17,16,18
ENSENADA,7,15,206,URBANO(A),63,49,58,31,40,40,0,51,NO,OPOSITOR,3,POBLACION INDIGENA,MEDIA ALTA,874,111,111,112
ENSENADA,7,15,207,URBANO(A),67,49,48,26,40,39,0,91,NO,SWITCH,1,ADULTOS MAYORES,MEDIA ALTA,832,149,149,150
ENSENADA,3,16,208,URBANO(A),123,117,81,50,84,84,199,198,NO,SWITCH,1,ADULTOS MAYORES,ALTA,1513,290,91,291
SAN QUINTIN,3,17,210,RURAL,63,67,73,30,33,32,31,39,NO,SWITCH,1,N/D,BAJA,1300,276,245,277
MEXICALI,2,4,211,URBANO(A),64,62,58,14,38,32,50,48,SI,OPOSITOR,3,ADULTOS MAYORES,MEDIA ALTA,704,153,103,154
MEXICALI,2,4,212,URBANO(A),47,56,40,19,41,43,43,42,SI,SWITCH,1,ADULTOS MAYORES,MEDIA ALTA,613,142,99,143
MEXICALI,2,4,213,URBANO(A),70,80,65,29,38,45,45,53,SI,SWITCH,1,DISCAPACITADOS,MEDIA ALTA,787,181,136,182
MEXICALI,2,4,214,URBANO(A),49,49,37,22,33,34,46,49,SI,SWITCH,1,DISCAPACITADOS,MEDIA ALTA,622,138,92,139
MEXICALI,2,4,215,URBANO(A),29,34,22,14,24,24,43,39,SI,OPOSITOR,3,DISCAPACITADOS,MEDIA,670,139,96,140
MEXICALI,2,4,216,URBANO(A),22,30,18,10,15,18,29,26,SI,SWITCH,1,DISCAPACITADOS,MEDIA,433,89,60,90
MEXICALI,2,3,217,URBANO(A),32,36,32,11,18,16,32,27,SI,SWITCH,1,POBLACION INDIGENA,MEDIA BAJA,316,51,19,52
MEXICALI,2,3,218,URBANO(A),35,41,37,14,31,23,44,47,SI,SWITCH,1,JEFAS DE HOGAR,ALTA,383,80,36,81
MEXICALI,2,3,219,URBANO(A),42,43,33,10,29,24,66,52,SI,SWITCH,1,ADULTOS MAYORES,ALTA,342,61,-5,62
MEXICALI,2,3,220,URBANO(A),44,53,41,31,56,47,81,76,SI,SWITCH,1,POBLACION INDIGENA,ALTA,303,49,-32,50
MEXICALI,2,3,221,URBANO(A),113,124,83,31,120,106,145,137,SI,SWITCH,1,JEFAS DE HOGAR,ALTA,667,117,-28,118
MEXICALI,2,3,222,URBANO(A),141,139,108,49,111,101,166,151,SI,LEAL,2,JEFAS DE HOGAR,ALTA,522,73,-93,74
MEXICALI,2,3,223,URBANO(A),179,182,135,74,185,168,242,210,SI,LEAL,2,JEFAS DE HOGAR,ALTA,643,89,-153,90
MEXICALI,2,3,224,URBANO(A),236,257,171,122,236,224,348,291,SI,LEAL,2,ADULTOS MAYORES,ALTA,676,46,-302,47
MEXICALI,2,3,225,URBANO(A),258,262,169,143,265,246,363,301,SI,LEAL,2,ADULTOS MAYORES,ALTA,772,74,-289,75
MEXICALI,2,3,226,URBANO(A),136,143,123,53,113,115,194,166,SI,SWITCH,1,ADULTOS MAYORES,ALTA,671,119,-75,120
MEXICALI,2,3,227,URBANO(A),58,58,53,19,44,25,43,71,SI,SWITCH,1,ADULTOS MAYORES,MEDIA BAJA,614,120,77,121
MEXICALI,2,4,228,URBANO(A),26,23,18,11,17,10,21,24,SI,SWITCH,1,POBLACION INDIGENA,MEDIA BAJA,497,106,85,107
MEXICALI,2,4,229,URBANO(A),38,34,26,14,29,30,38,30,SI,SWITCH,1,DISCAPACITADOS,MEDIA,411,92,54,93
MEXICALI,2,4,230,URBANO(A),47,58,40,26,47,47,64,70,SI,SWITCH,1,ADULTOS MAYORES,MEDIA ALTA,695,152,88,153
MEXICALI,2,4,231,URBANO(A),68,71,58,24,50,49,78,80,SI,SWITCH,1,ADULTOS MAYORES,ALTA,779,204,126,205
MEXICALI,2,4,232,URBANO(A),61,65,43,26,49,42,59,65,SI,SWITCH,1,ADULTOS MAYORES,MEDIA ALTA,781,154,95,155
MEXICALI,2,4,233,URBANO(A),64,61,47,26,51,45,56,59,SI,OPOSITOR,3,ADULTOS MAYORES,MEDIA ALTA,668,152,96,153
MEXICALI,2,4,234,URBANO(A),37,48,36,18,35,31,44,47,SI,SWITCH,1,ADULTOS MAYORES,MEDIA,593,140,96,141
MEXICALI,2,4,235,URBANO(A),51,62,49,21,51,50,63,74,SI,OPOSITOR,3,ADULTOS MAYORES,MEDIA ALTA,748,188,125,189
MEXICALI,2,4,236,URBANO(A),66,69,52,19,46,41,50,46,SI,SWITCH,1,ADULTOS MAYORES,MEDIA ALTA,586,141,91,142
MEXICALI,2,4,237,URBANO(A),62,64,44,26,47,49,24,64,SI,SWITCH,1,ADULTOS MAYORES,MEDIA ALTA,776,69,45,70
MEXICALI,2,4,238,URBANO(A),31,32,19,18,32,20,0,44,SI,SWITCH,1,POBLACION INDIGENA,MEDIA BAJA,498,0,0,1
MEXICALI,2,3,239,URBANO(A),32,43,32,11,23,21,31,27,SI,SWITCH,1,ADULTOS MAYORES,MEDIA,367,75,44,76
MEXICALI,2,3,240,URBANO(A),102,103,86,33,78,72,147,128,SI,SWITCH,1,ADULTOS MAYORES,ALTA,849,152,5,153
MEXICALI,2,3,241,URBANO(A),162,191,122,76,165,161,272,234,SI,LEAL,2,JEFAS DE HOGAR,ALTA,845,113,-159,114
MEXICALI,2,3,242,URBANO(A),191,209,151,69,168,167,251,235,SI,LEAL,2,JEFAS DE HOGAR,ALTA,649,70,-181,71
MEXICALI,2,3,243,URBANO(A),172,193,193,61,155,141,256,209,SI,LEAL,2,JEFAS DE HOGAR,ALTA,538,71,-185,72
MEXICALI,2,3,244,URBANO(A),146,162,116,77,170,152,235,194,SI,SWITCH,1,ADULTOS MAYORES,ALTA,710,114,-121,115
MEXICALI,2,3,245,URBANO(A),116,131,99,62,118,89,192,159,SI,SWITCH,1,ADULTOS MAYORES,ALTA,807,144,-48,145
MEXICALI,2,3,246,URBANO(A),222,210,115,63,154,79,143,111,SI,SWITCH,1,ADULTOS,MEDIA,800,224,81,225
MEXICALI,2,3,247,URBANO(A),66,69,62,24,51,39,68,51,SI,SWITCH,1,ADULTOS MAYORES,MEDIA ALTA,958,208,140,209
MEXICALI,2,3,248,URBANO(A),54,62,50,17,33,30,33,38,SI,SWITCH,1,ADULTOS MAYORES,MEDIA,674,141,108,142
MEXICALI,2,3,249,URBANO(A),37,48,28,12,30,27,45,39,SI,SWITCH,1,ADULTOS MAYORES,MEDIA ALTA,420,89,44,90
MEXICALI,2,4,250,URBANO(A),33,32,27,13,18,11,28,25,SI,SWITCH,1,ADULTOS MAYORES,MEDIA ALTA,447,118,90,119
MEXICALI,2,4,251,URBANO(A),55,63,38,21,30,31,0,54,SI,SWITCH,1,DISCAPACITADOS,MEDIA ALTA,503,0,0,1
MEXICALI,2,4,252,URBANO(A),76,83,61,25,66,53,71,89,SI,OPOSITOR,3,DISCAPACITADOS,MEDIA ALTA,955,233,162,234
MEXICALI,2,4,253,URBANO(A),96,66,55,18,36,43,61,61,SI,OPOSITOR,3,ADULTOS MAYORES,MEDIA ALTA,811,212,151,213
MEXICALI,2,4,254,URBANO(A),70,77,59,32,61,58,78,123,SI,OPOSITOR,3,ADULTOS MAYORES,MEDIA ALTA,911,193,115,194
MEXICALI,2,4,255,URBANO(A),74,68,49,12,67,62,93,114,SI,OPOSITOR,3,ADULTOS MAYORES,MEDIA ALTA,1017,229,136,230
MEXICALI,2,4,256,URBANO(A),45,43,42,20,32,39,50,66,SI,SWITCH,1,DISCAPACITADOS,MEDIA ALTA,719,145,95,146
MEXICALI,2,4,257,URBANO(A),61,71,308,19,49,48,64,69,SI,OPOSITOR,3,DISCAPACITADOS,MEDIA ALTA,816,191,127,192
MEXICALI,2,4,258,URBANO(A),66,59,48,25,32,36,60,63,SI,SWITCH,1,DISCAPACITADOS,MEDIA ALTA,761,164,104,165
MEXICALI,2,4,259,URBANO(A),65,69,48,19,39,33,44,43,SI,SWITCH,1,POBLACION INDIGENA,MEDIA ALTA,548,110,66,111
MEXICALI,2,4,260,URBANO(A),41,50,36,15,33,18,47,47,SI,SWITCH,1,POBLACION INDIGENA,MEDIA ALTA,615,121,74,122
MEXICALI,2,4,261,URBANO(A),50,60,41,20,37,33,72,63,SI,SWITCH,1,ADULTOS MAYORES,MEDIA,681,233,161,234
MEXICALI,2,3,262,URBANO(A),43,52,38,23,38,35,59,52,SI,SWITCH,1,ADULTOS MAYORES,MEDIA ALTA,608,154,95,155
MEXICALI,2,3,263,URBANO(A),58,62,59,13,36,29,54,44,SI,SWITCH,1,ADULTOS MAYORES,MEDIA ALTA,655,130,76,131
MEXICALI,2,3,264,URBANO(A),41,107,95,56,100,87,128,124,SI,SWITCH,1,ADULTOS MAYORES,ALTA,703,134,6,135
MEXICALI,2,3,265,URBANO(A),61,66,54,21,51,44,87,76,SI,SWITCH,1,ADULTOS MAYORES,ALTA,522,100,13,101
MEXICALI,2,3,266,URBANO(A),96,108,92,41,103,88,135,112,SI,SWITCH,1,ADULTOS MAYORES,ALTA,672,142,7,143
MEXICALI,2,3,267,URBANO(A),92,101,79,21,76,54,102,86,SI,SWITCH,1,ADULTOS MAYORES,ALTA,561,119,17,120
MEXICALI,2,3,268,URBANO(A),58,127,112,59,101,94,170,148,SI,SWITCH,1,ADULTOS MAYORES,ALTA,756,144,-26,145
MEXICALI,2,3,269,URBANO(A),94,96,86,44,91,87,117,108,SI,SWITCH,1,POBLACION INDIGENA,ALTA,728,120,3,121
MEXICALI,2,3,270,URBANO(A),126,143,107,46,112,103,203,167,SI,SWITCH,1,ADULTOS MAYORES,ALTA,922,177,-26,178
MEXICALI,2,3,271,URBANO(A),167,185,145,67,153,130,241,202,SI,SWITCH,1,JEFAS DE HOGAR,ALTA,949,223,-18,224
MEXICALI,2,3,272,URBANO(A),105,99,93,37,103,86,135,124,SI,OPOSITOR,3,JEFAS DE HOGAR,ALTA,705,153,18,154
MEXICALI,2,3,273,URBANO(A),105,104,86,58,94,94,169,141,SI,SWITCH,1,ADULTOS MAYORES,ALTA,764,147,-22,148
MEXICALI,2,3,274,URBANO(A),101,114,95,45,105,93,138,130,SI,SWITCH,1,ADULTOS MAYORES,ALTA,752,194,56,195
MEXICALI,2,3,275,URBANO(A),85,90,66,31,69,63,142,129,SI,SWITCH,1,JEFAS DE HOGAR,ALTA,717,143,1,144
MEXICALI,2,3,276,URBANO(A),115,121,103,47,108,80,143,126,SI,SWITCH,1,JEFAS DE HOGAR,ALTA,833,186,43,187
MEXICALI,2,3,277,URBANO(A),61,61,41,18,37,30,73,54,SI,SWITCH,1,POBLACION INDIGENA,MEDIA ALTA,701,125,52,126
MEXICALI,2,3,278,URBANO(A),60,60,45,19,38,29,48,48,SI,SWITCH,1,POBLACION INDIGENA,MEDIA ALTA,524,113,65,114
MEXICALI,2,4,279,URBANO(A),75,81,56,36,66,49,88,88,SI,SWITCH,1,MIXTO,ALTA,1210,302,214,303
MEXICALI,2,4,280,URBANO(A),62,69,32,24,53,44,82,74,SI,SWITCH,1,ADULTOS MAYORES,MEDIA ALTA,796,182,100,183
MEXICALI,2,4,281,URBANO(A),68,76,44,36,74,62,89,83,SI,SWITCH,1,ADULTOS MAYORES,ALTA,1029,233,144,234
MEXICALI,2,4,282,URBANO(A),89,93,71,33,75,76,109,125,SI,SWITCH,1,ADULTOS MAYORES,MEDIA ALTA,944,182,73,183
MEXICALI,2,4,283,URBANO(A),71,83,56,28,52,57,83,92,SI,OPOSITOR,3,ADULTOS MAYORES,ALTA,873,184,101,185
MEXICALI,2,4,284,URBANO(A),187,145,81,37,79,84,99,123,SI,SWITCH,1,ADULTOS MAYORES,MEDIA ALTA,814,220,121,221
MEXICALI,2,4,285,URBANO(A),59,65,40,22,51,48,92,85,SI,SWITCH,1,ADULTOS MAYORES,MEDIA ALTA,1071,245,153,246
MEXICALI,2,4,286,URBANO(A),93,103,69,54,83,72,122,116,SI,SWITCH,1,ADULTOS MAYORES,ALTA,897,176,54,177
MEXICALI,2,4,287,URBANO(A),72,86,63,43,68,63,104,112,SI,SWITCH,1,ADULTOS MAYORES,MEDIA ALTA,923,190,86,191
MEXICALI,2,3,288,URBANO(A),86,88,67,2,56,0,92,89,SI,SWITCH,1,ADULTOS MAYORES,MEDIA ALTA,652,143,51,144
MEXICALI,2,3,289,URBANO(A),84,87,64,26,69,60,74,66,SI,SWITCH,1,ADULTOS MAYORES,MEDIA ALTA,740,152,78,153
MEXICALI,2,3,290,URBANO(A),125,136,114,41,118,97,183,148,SI,SWITCH,1,ADULTOS MAYORES,ALTA,896,219,36,220
MEXICALI,2,3,291,URBANO(A),164,187,154,65,151,131,195,162,SI,SWITCH,1,DISCAPACITADOS,ALTA,1243,278,83,279
MEXICALI,2,3,292,URBANO(A),326,261,277,145,328,309,443,391,SI,LEAL,2,ADULTOS MAYORES,ALTA,1287,218,-225,219
MEXICALI,2,3,293,URBANO(A),147,165,148,60,137,109,149,131,SI,OPOSITOR,3,ADULTOS MAYORES,MEDIA ALTA,1393,322,173,323
MEXICALI,2,3,294,URBANO(A),81,99,90,40,90,67,106,93,SI,SWITCH,1,ADULTOS MAYORES,MEDIA ALTA,977,218,112,219
MEXICALI,2,3,295,URBANO(A),113,130,109,46,106,99,166,157,SI,SWITCH,1,ADULTOS MAYORES,ALTA,643,139,-27,140
MEXICALI,2,3,296,URBANO(A),89,105,86,47,107,93,109,95,SI,SWITCH,1,ADULTOS MAYORES,ALTA,788,185,76,186
MEXICALI,2,3,297,URBANO(A),104,99,94,35,86,77,131,108,SI,SWITCH,1,ADULTOS MAYORES,ALTA,955,202,71,203
MEXICALI,2,3,298,URBANO(A),56,61,55,21,62,52,79,84,SI,SWITCH,1,MIXTO,MEDIA,891,172,93,173
MEXICALI,2,3,299,URBANO(A),93,99,57,27,72,60,123,106,SI,SWITCH,1,ADULTOS MAYORES,ALTA,957,199,76,200
MEXICALI,2,3,300,URBANO(A),55,61,33,29,52,39,100,88,SI,SWITCH,1,ADULTOS MAYORES,MEDIA ALTA,875,207,107,208
MEXICALI,2,3,301,URBANO(A),113,102,78,34,94,81,124,102,SI,SWITCH,1,ADULTOS MAYORES,ALTA,988,245,121,246
MEXICALI,2,4,302,URBANO(A),132,149,86,57,125,109,173,161,SI,SWITCH,1,ADULTOS MAYORES,ALTA,788,148,-25,149
MEXICALI,2,4,303,URBANO(A),190,198,122,83,166,172,251,257,SI,SWITCH,1,ADULTOS MAYORES,ALTA,979,189,-62,190
MEXICALI,2,4,304,URBANO(A),20,20,13,28,31,35,53,48,SI,SWITCH,1,POBLACION INDIGENA,MEDIA ALTA,655,78,25,79
MEXICALI,2,4,305,URBANO(A),213,219,115,60,202,200,344,306,SI,OPOSITOR,3,ADULTOS MAYORES,ALTA,1915,601,257,602
MEXICALI,2,4,306,URBANO(A),94,96,83,31,70,83,113,164,SI,OPOSITOR,3,ADULTOS MAYORES,MEDIA ALTA,1265,330,217,331
MEXICALI,2,4,307,URBANO(A),76,91,65,37,77,79,77,102,SI,OPOSITOR,3,ADULTOS MAYORES,MEDIA,1061,276,199,277
MEXICALI,2,4,308,URBANO(A),80,89,61,32,69,69,98,116,SI,SWITCH,1,ADULTOS MAYORES,ALTA,999,217,119,218
MEXICALI,2,4,309,URBANO(A),257,262,146,107,241,212,359,352,SI,LEAL,2,ADULTOS MAYORES,ALTA,918,149,-210,150
MEXICALI,2,4,310,URBANO(A),246,261,141,98,221,209,352,343,SI,LEAL,2,ADULTOS MAYORES,ALTA,841,119,-233,120
MEXICALI,2,4,311,URBANO(A),110,120,65,53,119,104,182,157,SI,SWITCH,1,ADULTOS MAYORES,MEDIA ALTA,680,120,-62,121
MEXICALI,2,4,312,URBANO(A),124,123,65,45,95,98,171,171,SI,SWITCH,1,ADULTOS MAYORES,ALTA,766,146,-25,147
MEXICALI,2,3,313,URBANO(A),192,196,128,88,167,152,233,206,SI,SWITCH,1,ADULTOS MAYORES,ALTA,1086,231,-2,232
MEXICALI,2,3,314,URBANO(A),251,262,178,127,247,244,314,281,SI,LEAL,2,ADULTOS MAYORES,ALTA,1030,180,-134,181
MEXICALI,2,3,315,URBANO(A),196,213,199,92,100,178,270,242,SI,SWITCH,1,ADULTOS MAYORES,ALTA,1075,229,-41,230
MEXICALI,2,3,316,URBANO(A),114,140,111,34,96,60,98,84,SI,SWITCH,1,ADULTOS MAYORES,MEDIA ALTA,958,241,143,242
MEXICALI,2,3,317,URBANO(A),113,107,102,50,103,83,128,119,SI,SWITCH,1,DISCAPACITADOS,MEDIA ALTA,879,212,84,213
MEXICALI,2,3,318,URBANO(A),211,227,184,70,211,184,283,255,SI,LEAL,2,ADULTOS MAYORES,ALTA,721,101,-182,102
MEXICALI,2,3,319,URBANO(A),90,101,96,34,77,60,78,67,SI,SWITCH,1,ADULTOS MAYORES,MEDIA ALTA,1168,330,252,331
MEXICALI,2,3,320,URBANO(A),58,58,57,19,65,46,34,64,SI,SWITCH,1,MIXTO,MEDIA ALTA,858,139,105,140
MEXICALI,2,3,321,URBANO(A),98,99,108,37,101,67,93,77,SI,SWITCH,1,DISCAPACITADOS,ALTA,887,260,167,261
MEXICALI,2,3,322,URBANO(A),85,100,78,34,83,64,120,103,SI,SWITCH,1,JEFAS DE HOGAR,ALTA,720,205,85,206
MEXICALI,2,3,323,URBANO(A),110,112,119,33,92,76,171,112,SI,SWITCH,1,ADULTOS MAYORES,ALTA,873,284,113,285
MEXICALI,2,3,324,URBANO(A),219,254,156,100,226,214,307,275,SI,SWITCH,1,ADULTOS MAYORES,ALTA,1103,225,-82,226
MEXICALI,2,4,325,URBANO(A),116,125,60,51,119,104,177,169,SI,SWITCH,1,ADULTOS MAYORES,ALTA,823,159,-18,160
MEXICALI,2,4,326,URBANO(A),391,423,250,189,406,390,632,614,SI,LEAL,2,ADULTOS MAYORES,ALTA,1510,210,-422,211
MEXICALI,2,4,327,URBANO(A),136,140,95,56,137,129,218,201,SI,SWITCH,1,DISCAPACITADOS,ALTA,1406,366,148,367
MEXICALI,2,4,328,URBANO(A),99,117,77,44,94,90,137,174,SI,SWITCH,1,ADULTOS MAYORES,MEDIA ALTA,1397,375,238,376
MEXICALI,2,4,329,URBANO(A),127,129,92,45,88,87,142,151,SI,OPOSITOR,3,DISCAPACITADOS,ALTA,1195,310,168,311
MEXICALI,2,4,330,URBANO(A),125,143,93,30,85,86,144,159,SI,OPOSITOR,3,DISCAPACITADOS,ALTA,1305,329,185,330
MEXICALI,2,4,331,URBANO(A),190,212,134,73,178,170,262,254,SI,SWITCH,1,ADULTOS MAYORES,ALTA,2345,576,314,577
MEXICALI,2,4,332,URBANO(A),163,165,104,72,142,137,226,223,SI,SWITCH,1,ADULTOS MAYORES,ALTA,1132,249,23,250
MEXICALI,2,4,333,URBANO(A),597,628,394,299,627,620,922,875,SI,SWITCH,1,JOVENES,ALTA,3692,703,-219,704
MEXICALI,2,4,334,URBANO(A),288,279,182,122,268,228,400,388,SI,LEAL,2,ADULTOS MAYORES,ALTA,1314,212,-188,213
MEXICALI,2,4,335,URBANO(A),280,283,191,102,274,261,306,427,SI,SWITCH,1,ADULTOS MAYORES,ALTA,1428,306,0,307
MEXICALI,2,3,336,URBANO(A),77,72,78,30,63,49,73,62,SI,SWITCH,1,JEFAS DE HOGAR,ALTA,528,110,37,111
MEXICALI,2,3,337,URBANO(A),90,88,86,32,70,53,72,67,SI,SWITCH,1,ADULTOS MAYORES,ALTA,746,190,118,191
MEXICALI,2,3,338,URBANO(A),106,122,110,43,102,75,107,79,SI,SWITCH,1,ADULTOS MAYORES,ALTA,1133,273,166,274
MEXICALI,2,3,339,URBANO(A),315,332,298,131,329,260,525,458,SI,SWITCH,1,MIXTO,ALTA,2993,690,165,691
MEXICALI,2,3,340,URBANO(A),109,117,116,46,100,74,99,88,SI,SWITCH,1,ADULTOS MAYORES,MEDIA ALTA,1245,327,228,328
MEXICALI,2,3,341,URBANO(A),83,89,84,29,60,47,83,70,SI,SWITCH,1,ADULTOS MAYORES,MEDIA ALTA,1348,404,321,405
MEXICALI,2,3,342,URBANO(A),152,162,172,77,184,126,192,172,SI,SWITCH,1,ADULTOS MAYORES,ALTA,1209,290,98,291
MEXICALI,2,3,343,URBANO(A),105,115,114,35,95,69,121,115,SI,SWITCH,1,DISCAPACITADOS,ALTA,848,211,90,212
MEXICALI,2,3,344,URBANO(A),104,100,100,36,80,436,115,102,SI,SWITCH,1,ADULTOS MAYORES,ALTA,820,203,88,204
MEXICALI,2,3,345,URBANO(A),128,127,119,42,91,78,116,99,SI,SWITCH,1,DISCAPACITADOS,ALTA,942,276,160,277
MEXICALI,2,4,347,URBANO(A),357,364,232,135,340,330,499,466,SI,SWITCH,1,ADULTOS MAYORES,ALTA,1764,340,-159,341
MEXICALI,2,4,348,URBANO(A),263,256,151,136,289,262,431,417,SI,SWITCH,1,ADULTOS MAYORES,ALTA,1475,264,-167,265
MEXICALI,2,4,349,URBANO(A),61,72,59,14,35,35,47,55,SI,SWITCH,1,DISCAPACITADOS,MEDIA,896,227,180,228
MEXICALI,2,4,350,URBANO(A),174,181,111,44,135,135,198,209,SI,OPOSITOR,3,MIXTO,ALTA,1446,577,379,578
MEXICALI,2,4,351,URBANO(A),102,108,76,39,96,94,166,177,SI,SWITCH,1,MIXTO,ALTA,1916,536,370,537
MEXICALI,2,4,352,URBANO(A),113,119,97,18,58,53,114,201,SI,OPOSITOR,3,MIXTO,ALTA,1076,283,169,284
MEXICALI,2,4,353,URBANO(A),83,85,74,5,22,21,45,40,SI,OPOSITOR,3,DISCAPACITADOS,MEDIA,892,240,195,241
MEXICALI,2,4,354,URBANO(A),75,84,65,15,61,56,83,84,SI,SWITCH,1,DISCAPACITADOS,ALTA,959,256,173,257
MEXICALI,2,4,355,URBANO(A),84,86,73,27,57,47,96,115,SI,OPOSITOR,3,DISCAPACITADOS,MEDIA ALTA,1173,306,210,307
MEXICALI,2,3,356,URBANO(A),484,513,474,234,536,363,585,548,SI,SWITCH,1,JOVENES,ALTA,5132,1140,555,1141
MEXICALI,2,3,357,URBANO(A),665,701,693,296,701,589,1003,868,SI,SWITCH,1,MIXTO,ALTA,5539,1263,260,1264
MEXICALI,2,3,358,URBANO(A),155,156,150,60,155,126,223,200,SI,SWITCH,1,DISCAPACITADOS,ALTA,1485,315,92,316
MEXICALI,2,3,359,URBANO(A),73,75,77,47,80,63,76,64,SI,SWITCH,1,ADULTOS MAYORES,MEDIA,1107,273,197,274
MEXICALI,2,3,360,URBANO(A),104,109,113,48,95,72,98,82,SI,SWITCH,1,DISCAPACITADOS,MEDIA ALTA,1149,292,194,293
MEXICALI,2,3,361,URBANO(A),171,188,196,71,163,147,183,162,SI,SWITCH,1,ADULTOS MAYORES,ALTA,1837,491,308,492
MEXICALI,2,3,362,URBANO(A),182,187,175,86,184,169,235,213,SI,SWITCH,1,ADULTOS MAYORES,ALTA,1094,234,-1,235
MEXICALI,2,3,363,URBANO(A),93,104,110,33,65,51,73,62,SI,SWITCH,1,ADULTOS MAYORES,MEDIA ALTA,997,257,184,258
MEXICALI,2,3,364,URBANO(A),122,122,107,53,98,85,163,134,SI,SWITCH,1,ADULTOS MAYORES,ALTA,1077,268,105,269
MEXICALI,2,3,365,URBANO(A),106,112,106,39,97,72,123,106,SI,SWITCH,1,ADULTOS MAYORES,ALTA,1137,271,148,272
MEXICALI,2,3,366,URBANO(A),488,499,505,176,460,364,593,489,SI,SWITCH,1,MIXTO,ALTA,4742,1147,554,1148
MEXICALI,2,3,367,URBANO(A),126,125,123,39,386,47,76,64,SI,SWITCH,1,ADULTOS MAYORES,MEDIA,1176,324,248,325
MEXICALI,2,3,368,URBANO(A),167,188,180,71,165,144,162,134,SI,SWITCH,1,ADULTOS MAYORES,MEDIA ALTA,1371,333,171,334
MEXICALI,2,3,369,URBANO(A),91,94,81,33,77,54,134,89,SI,SWITCH,1,ADULTOS MAYORES,ALTA,527,189,55,190
MEXICALI,1,3,370,URBANO(A),147,156,127,67,144,129,221,200,SI,LEAL,2,ADULTOS MAYORES,ALTA,729,156,-65,157
MEXICALI,1,3,371,URBANO(A),133,141,116,49,98,90,172,152,SI,SWITCH,1,JEFAS DE HOGAR,ALTA,747,132,-40,133
MEXICALI,1,3,372,URBANO(A),147,162,128,61,138,110,194,162,SI,SWITCH,1,ADULTOS MAYORES,ALTA,854,209,15,210
MEXICALI,1,3,373,URBANO(A),159,166,132,66,142,127,219,199,SI,SWITCH,1,ADULTOS MAYORES,ALTA,763,134,-85,135
MEXICALI,1,3,374,URBANO(A),99,110,91,56,122,116,171,149,SI,SWITCH,1,ADULTOS MAYORES,ALTA,895,196,25,197
MEXICALI,1,2,375,URBANO(A),142,167,119,56,132,103,225,197,SI,SWITCH,1,ADULTOS MAYORES,ALTA,1035,215,-10,216
MEXICALI,1,2,376,URBANO(A),207,219,168,93,190,167,351,314,SI,SWITCH,1,ADULTOS MAYORES,ALTA,1525,323,-28,324
MEXICALI,1,2,377,URBANO(A),171,179,149,54,122,108,254,194,SI,SWITCH,1,ADULTOS MAYORES,ALTA,1894,456,202,457
MEXICALI,1,2,378,URBANO(A),196,196,154,86,160,131,291,243,SI,SWITCH,1,ADULTOS MAYORES,ALTA,1800,351,60,352
MEXICALI,1,2,379,URBANO(A),101,118,92,34,60,47,96,71,SI,SWITCH,1,ADULTOS MAYORES,ALTA,1081,301,205,302
MEXICALI,1,2,380,URBANO(A),62,63,51,20,50,40,74,73,SI,SWITCH,1,MIXTO,MEDIA ALTA,757,200,126,201
MEXICALI,1,2,381,URBANO(A),48,62,43,29,37,29,71,51,SI,OPOSITOR,3,ADULTOS MAYORES,MEDIA,1007,276,205,277
MEXICALI,1,2,382,URBANO(A),86,85,72,38,58,46,84,79,SI,SWITCH,1,DISCAPACITADOS,MEDIA ALTA,1395,330,246,331
MEXICALI,1,2,383,URBANO(A),365,369,285,184,394,347,548,503,SI,LEAL,2,MIXTO,ALTA,2170,403,-145,404
MEXICALI,1,2,384,URBANO(A),96,103,83,45,90,85,181,161,SI,SWITCH,1,ADULTOS MAYORES,ALTA,1452,328,147,329
MEXICALI,1,2,385,URBANO(A),163,194,135,82,146,124,230,177,SI,SWITCH,1,ADULTOS MAYORES,ALTA,1469,315,85,316
MEXICALI,1,2,386,URBANO(A),187,208,149,61,153,138,253,220,SI,SWITCH,1,ADULTOS MAYORES,ALTA,1142,237,-16,238
MEXICALI,1,2,387,URBANO(A),78,89,74,27,67,59,102,81,SI,SWITCH,1,ADULTOS MAYORES,ALTA,806,219,117,220
MEXICALI,1,3,388,URBANO(A),238,266,211,121,220,197,324,286,SI,LEAL,2,ADULTOS MAYORES,ALTA,1235,194,-130,195
MEXICALI,1,3,389,URBANO(A),162,192,141,70,156,146,267,221,SI,LEAL,2,ADULTOS MAYORES,ALTA,920,183,-84,184
MEXICALI,1,3,390,URBANO(A),116,127,84,38,117,105,174,148,SI,SWITCH,1,POBLACION INDIGENA,ALTA,669,134,-40,135
MEXICALI,1,3,391,URBANO(A),134,133,101,47,107,97,175,162,SI,SWITCH,1,POBLACION INDIGENA,ALTA,706,157,-18,158
MEXICALI,1,3,392,URBANO(A),163,173,140,77,150,131,258,209,SI,SWITCH,1,ADULTOS MAYORES,ALTA,1057,196,-62,197
MEXICALI,1,3,393,URBANO(A),187,195,149,80,175,159,284,254,SI,SWITCH,1,ADULTOS MAYORES,ALTA,985,203,-81,204
MEXICALI,1,3,394,URBANO(A),129,144,109,81,129,134,222,194,SI,SWITCH,1,ADULTOS MAYORES,ALTA,850,194,-28,195
MEXICALI,1,3,395,URBANO(A),116,123,106,47,98,85,150,142,SI,SWITCH,1,POBLACION INDIGENA,MEDIA ALTA,1225,263,113,264
MEXICALI,1,2,396,URBANO(A),218,228,162,85,184,172,301,281,SI,SWITCH,1,ADULTOS MAYORES,ALTA,1511,313,12,314
MEXICALI,1,2,397,URBANO(A),97,106,92,29,73,56,147,112,SI,SWITCH,1,ADULTOS MAYORES,ALTA,965,218,71,219
MEXICALI,1,3,399,URBANO(A),330,343,237,113,320,313,474,417,SI,LEAL,2,ADULTOS MAYORES,ALTA,1186,179,-295,180
MEXICALI,1,3,400,URBANO(A),223,254,202,78,183,142,286,247,SI,SWITCH,1,ADULTOS MAYORES,ALTA,1277,278,-8,279
MEXICALI,1,3,401,URBANO(A),172,192,150,83,178,163,279,218,SI,SWITCH,1,ADULTOS MAYORES,ALTA,948,190,-89,191
MEXICALI,1,3,402,URBANO(A),195,227,176,85,163,161,246,219,SI,LEAL,2,JEFAS DE HOGAR,ALTA,781,147,-99,148
MEXICALI,1,3,403,URBANO(A),340,364,248,162,380,357,517,430,SI,LEAL,2,POBLACION INDIGENA,ALTA,1029,85,-432,86
MEXICALI,1,3,404,URBANO(A),164,178,154,65,153,125,192,181,SI,LEAL,2,DISCAPACITADOS,ALTA,704,146,-46,147
MEXICALI,1,3,405,URBANO(A),116,124,112,54,95,83,149,135,SI,SWITCH,1,JEFAS DE HOGAR,ALTA,720,157,8,158
MEXICALI,1,3,406,URBANO(A),151,165,136,68,144,127,220,202,SI,SWITCH,1,ADULTOS MAYORES,ALTA,1116,231,11,232
MEXICALI,1,3,407,URBANO(A),215,221,187,99,217,210,313,280,SI,LEAL,2,ADULTOS MAYORES,ALTA,865,141,-172,142
MEXICALI,1,3,408,URBANO(A),120,122,116,55,100,84,150,127,SI,SWITCH,1,ADULTOS MAYORES,ALTA,730,184,34,185
MEXICALI,1,3,409,URBANO(A),177,197,154,66,132,122,230,196,SI,SWITCH,1,ADULTOS MAYORES,ALTA,1208,263,33,264
MEXICALI,1,3,410,URBANO(A),150,166,138,96,181,160,259,224,SI,SWITCH,1,ADULTOS MAYORES,ALTA,945,154,-105,155
MEXICALI,1,3,411,URBANO(A),340,188,248,172,365,352,616,444,SI,LEAL,2,JEFAS DE HOGAR,ALTA,1023,110,-506,111
MEXICALI,1,3,412,URBANO(A),173,179,157,74,152,150,225,195,SI,SWITCH,1,POBLACION INDIGENA,ALTA,820,139,-86,140
MEXICALI,1,3,413,URBANO(A),145,145,126,47,121,95,173,148,SI,SWITCH,1,JEFAS DE HOGAR,ALTA,840,219,46,220
MEXICALI,1,3,414,URBANO(A),182,193,162,67,167,141,228,200,SI,SWITCH,1,ADULTOS MAYORES,ALTA,1173,241,13,242
MEXICALI,1,3,415,URBANO(A),113,119,105,20,67,54,129,127,SI,SWITCH,1,ADULTOS MAYORES,ALTA,825,170,41,171
MEXICALI,1,3,416,URBANO(A),123,135,117,19,61,53,119,111,SI,SWITCH,1,ADULTOS MAYORES,ALTA,909,208,89,209
MEXICALI,1,3,417,URBANO(A),132,139,128,62,105,86,129,108,SI,SWITCH,1,ADULTOS MAYORES,ALTA,1227,270,141,271
MEXICALI,1,2,418,URBANO(A),289,297,211,101,232,196,351,324,SI,SWITCH,1,ADULTOS MAYORES,ALTA,1417,304,-47,305
MEXICALI,1,3,419,URBANO(A),99,107,88,39,70,65,55,57,SI,SWITCH,1,POBLACION INDIGENA,MEDIA ALTA,855,92,37,93
MEXICALI,1,3,420,URBANO(A),85,94,86,27,67,55,98,81,SI,SWITCH,1,POBLACION INDIGENA,MEDIA ALTA,867,221,123,222
MEXICALI,1,3,421,URBANO(A),96,93,84,39,91,78,131,114,SI,SWITCH,1,ADULTOS MAYORES,ALTA,832,163,32,164
MEXICALI,1,3,422,URBANO(A),173,191,145,90,164,146,223,197,SI,LEAL,2,JEFAS DE HOGAR,ALTA,743,144,-79,145
MEXICALI,1,3,423,URBANO(A),333,384,227,177,369,334,501,402,SI,SWITCH,1,JEFAS DE HOGAR,ALTA,1040,78,-423,79
MEXICALI,1,3,424,URBANO(A),319,355,257,146,298,277,432,379,SI,SWITCH,1,JEFAS DE HOGAR,ALTA,1187,187,-245,188
MEXICALI,1,3,425,URBANO(A),180,211,164,94,171,153,254,231,SI,SWITCH,1,ADULTOS MAYORES,ALTA,1106,187,-67,188
MEXICALI,1,3,426,URBANO(A),122,135,123,47,119,87,144,128,SI,SWITCH,1,JEFAS DE HOGAR,ALTA,988,201,57,202
MEXICALI,1,3,427,URBANO(A),105,121,101,49,94,73,75,107,SI,SWITCH,1,ADULTOS MAYORES,ALTA,929,112,37,113
MEXICALI,1,2,428,URBANO(A),172,184,119,82,143,130,261,227,SI,SWITCH,1,ADULTOS MAYORES,ALTA,997,185,-76,186
MEXICALI,1,3,429,URBANO(A),116,124,108,35,93,76,149,123,SI,SWITCH,1,ADULTOS MAYORES,MEDIA ALTA,946,190,41,191
MEXICALI,1,3,430,URBANO(A),88,109,101,42,79,72,136,114,SI,SWITCH,1,DISCAPACITADOS,MEDIA ALTA,930,230,94,231
MEXICALI,1,3,431,URBANO(A),207,221,173,86,193,172,298,257,SI,LEAL,2,JEFAS DE HOGAR,ALTA,907,129,-169,130
MEXICALI,1,3,432,URBANO(A),248,286,201,97,249,235,383,338,SI,SWITCH,1,ADULTOS MAYORES,ALTA,1157,222,-161,223
MEXICALI,1,3,433,URBANO(A),93,108,81,32,76,58,128,108,SI,SWITCH,1,ADULTOS MAYORES,MEDIA ALTA,975,204,76,205
MEXICALI,1,2,434,URBANO(A),187,193,149,68,179,152,286,260,SI,SWITCH,1,ADULTOS MAYORES,ALTA,1087,220,-66,221
MEXICALI,1,3,435,URBANO(A),163,180,158,49,115,99,164,163,SI,SWITCH,1,DISCAPACITADOS,ALTA,1340,322,158,323
MEXICALI,1,3,436,URBANO(A),124,138,124,46,98,89,154,143,SI,SWITCH,1,DISCAPACITADOS,ALTA,1252,276,122,277
MEXICALI,1,3,437,URBANO(A),90,96,73,22,48,47,83,73,SI,SWITCH,1,DISCAPACITADOS,ALTA,618,147,64,148
MEXICALI,1,3,438,URBANO(A),214,247,197,77,195,179,295,267,SI,SWITCH,1,ADULTOS MAYORES,ALTA,1198,230,-65,231
MEXICALI,1,3,439,URBANO(A),427,359,224,152,276,223,374,312,SI,SWITCH,1,ADULTOS MAYORES,ALTA,1147,309,-65,310
MEXICALI,1,3,440,URBANO(A),146,174,141,56,138,118,196,168,SI,SWITCH,1,DISCAPACITADOS,ALTA,1018,240,44,241
MEXICALI,1,3,441,URBANO(A),177,186,177,59,114,105,161,170,SI,SWITCH,1,DISCAPACITADOS,ALTA,1272,268,107,269
MEXICALI,1,3,442,URBANO(A),165,175,147,57,126,109,208,173,SI,SWITCH,1,ADULTOS MAYORES,ALTA,1574,321,113,322
MEXICALI,1,3,443,URBANO(A),148,160,142,45,137,113,151,143,SI,SWITCH,1,ADULTOS MAYORES,ALTA,1351,318,167,319
MEXICALI,1,3,445,URBANO(A),135,148,129,42,102,91,173,157,SI,SWITCH,1,ADULTOS MAYORES,ALTA,1290,282,109,283
MEXICALI,1,3,446,URBANO(A),168,192,159,59,150,128,238,222,SI,SWITCH,1,ADULTOS MAYORES,ALTA,1455,310,72,311
MEXICALI,1,3,447,URBANO(A),117,126,109,50,113,92,161,126,SI,SWITCH,1,ADULTOS MAYORES,ALTA,916,201,40,202
MEXICALI,1,3,448,URBANO(A),260,283,221,89,256,216,385,334,SI,SWITCH,1,JOVENES,ALTA,1611,275,-110,276
MEXICALI,1,3,449,URBANO(A),265,292,239,81,258,217,359,309,SI,LEAL,2,JEFAS DE HOGAR,ALTA,1164,186,-173,187
MEXICALI,1,3,450,URBANO(A),284,303,229,137,258,258,388,377,SI,LEAL,2,ADULTOS MAYORES,ALTA,1113,174,-214,175
MEXICALI,1,3,451,URBANO(A),134,149,122,51,129,110,202,179,SI,SWITCH,1,ADULTOS MAYORES,ALTA,660,120,-82,121
MEXICALI,1,3,452,URBANO(A),110,120,115,51,104,80,160,142,SI,SWITCH,1,ADULTOS MAYORES,ALTA,920,207,47,208
MEXICALI,1,3,453,URBANO(A),118,112,102,33,87,68,137,129,SI,SWITCH,1,ADULTOS MAYORES,ALTA,863,181,44,182
MEXICALI,1,3,454,URBANO(A),165,181,151,52,120,97,205,174,SI,SWITCH,1,ADULTOS MAYORES,MEDIA ALTA,1465,338,133,339
MEXICALI,1,2,455,URBANO(A),341,340,258,134,309,257,587,472,SI,SWITCH,1,MIXTO,ALTA,2658,555,-32,556
MEXICALI,1,2,456,URBANO(A),331,353,278,114,296,220,423,385,SI,SWITCH,1,MIXTO,ALTA,2150,428,5,429
MEXICALI,1,3,457,URBANO(A),108,116,94,48,101,86,70,138,SI,SWITCH,1,DISCAPACITADOS,ALTA,1163,141,71,142
MEXICALI,1,3,458,URBANO(A),115,120,106,38,96,84,134,107,SI,SWITCH,1,DISCAPACITADOS,ALTA,762,165,31,166
MEXICALI,1,3,459,URBANO(A),275,277,228,141,290,224,359,283,SI,SWITCH,1,ADULTOS MAYORES,ALTA,1587,353,-6,354
MEXICALI,1,3,460,URBANO(A),93,91,85,33,83,56,118,103,SI,SWITCH,1,ADULTOS MAYORES,ALTA,776,165,47,166
MEXICALI,1,3,461,URBANO(A),99,111,94,30,75,60,126,109,SI,SWITCH,1,ADULTOS MAYORES,MEDIA ALTA,999,237,111,238
MEXICALI,1,3,462,URBANO(A),68,85,71,22,42,30,58,50,SI,SWITCH,1,DISCAPACITADOS,ALTA,660,160,102,161
MEXICALI,1,2,463,URBANO(A),155,96,138,56,132,118,211,178,SI,SWITCH,1,MIXTO,ALTA,1509,345,134,346
MEXICALI,1,2,464,URBANO(A),60,62,59,34,52,44,73,62,SI,SWITCH,1,DISCAPACITADOS,MEDIA ALTA,814,186,113,187
MEXICALI,1,3,465,URBANO(A),158,158,147,42,90,71,121,103,SI,SWITCH,1,POBLACION INDIGENA,MEDIA ALTA,1468,378,257,379
MEXICALI,1,2,466,URBANO(A),79,84,74,34,67,59,84,81,SI,SWITCH,1,DISCAPACITADOS,MEDIA ALTA,1279,268,184,269
MEXICALI,1,2,467,URBANO(A),160,178,139,42,128,90,207,176,SI,SWITCH,1,MIXTO,ALTA,1577,363,156,364
MEXICALI,1,2,468,URBANO(A),172,190,139,69,137,116,283,222,SI,SWITCH,1,ADULTOS MAYORES,ALTA,1571,372,89,373
MEXICALI,1,2,469,URBANO(A),690,747,585,253,562,439,812,868,SI,SWITCH,1,JOVENES,ALTA,7134,1416,604,1417
MEXICALI,1,2,471,URBANO(A),145,152,136,66,150,128,226,175,SI,SWITCH,1,ADULTOS MAYORES,ALTA,1343,297,71,298
MEXICALI,1,2,472,URBANO(A),185,215,166,60,178,132,256,218,SI,SWITCH,1,MIXTO,ALTA,1839,508,252,509
MEXICALI,1,2,473,URBANO(A),68,78,60,24,52,34,87,54,SI,SWITCH,1,DISCAPACITADOS,MEDIA ALTA,1167,285,198,286
MEXICALI,1,2,474,URBANO(A),112,121,172,44,76,71,112,84,SI,SWITCH,1,POBLACION INDIGENA,MEDIA ALTA,2037,455,343,456
MEXICALI,1,2,475,URBANO(A),55,55,58,15,34,33,54,42,SI,SWITCH,1,POBLACION INDIGENA,MEDIA ALTA,899,226,172,227
MEXICALI,1,2,476,URBANO(A),133,151,133,76,118,105,181,147,SI,SWITCH,1,ADULTOS MAYORES,ALTA,1543,393,212,394
MEXICALI,1,2,477,URBANO(A),134,158,130,55,105,92,161,129,SI,SWITCH,1,ADULTOS MAYORES,ALTA,1370,339,178,340
MEXICALI,1,2,478,URBANO(A),148,175,152,157,135,105,187,154,SI,SWITCH,1,ADULTOS MAYORES,ALTA,1501,421,234,422
MEXICALI,1,2,479,URBANO(A),95,94,83,37,80,70,146,116,SI,SWITCH,1,ADULTOS MAYORES,ALTA,1270,339,193,340
MEXICALI,1,2,480,URBANO(A),366,398,319,160,350,302,600,496,SI,SWITCH,1,JOVENES,ALTA,3638,782,182,783
MEXICALI,1,2,481,URBANO(A),148,154,124,41,132,104,203,171,SI,SWITCH,1,ADULTOS MAYORES,ALTA,1516,389,186,390
MEXICALI,1,2,482,URBANO(A),153,178,122,68,140,116,246,210,SI,SWITCH,1,ADULTOS MAYORES,ALTA,1781,435,189,436
MEXICALI,1,2,483,URBANO(A),94,101,109,37,61,61,96,88,SI,SWITCH,1,ADULTOS MAYORES,MEDIA ALTA,641,149,53,150
MEXICALI,1,2,484,URBANO(A),120,138,107,46,91,74,112,84,SI,SWITCH,1,POBLACION INDIGENA,ALTA,928,268,156,269
MEXICALI,1,2,485,URBANO(A),65,80,68,26,56,52,94,73,SI,SWITCH,1,DISCAPACITADOS,ALTA,808,209,115,210
MEXICALI,1,2,486,URBANO(A),132,141,129,51,113,88,159,124,SI,SWITCH,1,DISCAPACITADOS,ALTA,1181,302,143,303
MEXICALI,1,2,487,URBANO(A),79,89,81,32,78,59,152,135,SI,SWITCH,1,MIXTO,ALTA,1016,277,125,278
MEXICALI,1,2,489,URBANO(A),121,124,114,51,100,89,157,134,SI,SWITCH,1,ADULTOS MAYORES,ALTA,979,230,73,231
MEXICALI,1,2,490,URBANO(A),80,81,73,34,71,63,93,87,SI,SWITCH,1,POBLACION INDIGENA,ALTA,760,171,78,172
MEXICALI,1,2,491,URBANO(A),93,105,85,54,82,76,78,70,SI,SWITCH,1,ADULTOS MAYORES,ALTA,1005,283,205,284
MEXICALI,1,2,492,URBANO(A),167,184,156,61,139,115,200,177,SI,SWITCH,1,ADULTOS MAYORES,ALTA,1584,397,197,398
MEXICALI,1,2,493,URBANO(A),142,159,142,58,98,90,141,108,SI,SWITCH,1,ADULTOS MAYORES,ALTA,1467,396,255,397
MEXICALI,1,2,494,URBANO(A),106,121,123,53,104,85,143,106,SI,SWITCH,1,ADULTOS MAYORES,MEDIA ALTA,1038,244,101,245
MEXICALI,2,5,495,URBANO(A),123,136,123,47,84,64,117,90,SI,SWITCH,1,DISCAPACITADOS,MEDIA ALTA,1456,373,256,374
MEXICALI,2,5,496,URBANO(A),257,289,230,67,144,121,225,163,SI,SWITCH,1,JOVENES,MEDIA,4484,1018,793,1019
MEXICALI,7,5,497,URBANO(A),33,40,34,18,24,20,44,28,NO,OPOSITOR,3,ADULTOS MAYORES,MEDIA ALTA,823,209,165,210
MEXICALI,1,2,498,URBANO(A),118,113,110,36,75,74,125,76,SI,SWITCH,1,MIXTO,ALTA,1481,327,202,328
MEXICALI,1,2,499,URBANO(A),82,93,84,27,55,51,80,68,SI,SWITCH,1,MIXTO,ALTA,959,225,145,226
MEXICALI,1,2,500,URBANO(A),81,82,72,36,57,55,91,92,SI,SWITCH,1,ADULTOS MAYORES,ALTA,837,130,39,131
MEXICALI,1,2,503,URBANO(A),74,85,70,34,77,62,95,88,SI,SWITCH,1,ADULTOS MAYORES,ALTA,684,191,96,192
MEXICALI,1,2,504,URBANO(A),52,55,49,16,37,33,50,44,SI,SWITCH,1,MIXTO,MEDIA ALTA,860,270,220,271
MEXICALI,1,2,505,URBANO(A),62,70,58,21,49,33,37,46,SI,SWITCH,1,MIXTO,ALTA,913,117,80,118
MEXICALI,7,5,507,URBANO(A),48,45,53,19,24,23,30,21,NO,SWITCH,1,ADULTOS MAYORES,MEDIA ALTA,790,217,187,218
MEXICALI,7,5,508,URBANO(A),28,41,30,10,17,11,29,20,NO,SWITCH,1,DISCAPACITADOS,MEDIA,830,236,207,237
MEXICALI,7,5,509,URBANO(A),43,55,41,14,22,21,99,16,NO,SWITCH,1,DISCAPACITADOS,MEDIA ALTA,854,265,166,266
MEXICALI,7,5,510,URBANO(A),43,46,33,20,41,29,25,21,NO,OPOSITOR,3,DISCAPACITADOS,MEDIA,788,247,222,248
MEXICALI,7,5,511,URBANO(A),39,44,32,16,25,19,32,27,NO,SWITCH,1,MIXTO,MEDIA,875,295,263,296
MEXICALI,7,5,512,URBANO(A),42,42,34,20,28,18,26,20,NO,SWITCH,1,POBLACION INDIGENA,MEDIA,802,248,222,249
MEXICALI,7,5,513,URBANO(A),33,32,23,14,30,20,33,27,NO,SWITCH,1,POBLACION INDIGENA,MEDIA,751,249,216,250
MEXICALI,7,5,514,URBANO(A),39,40,37,13,22,18,39,28,NO,SWITCH,1,DISCAPACITADOS,MEDIA,853,262,223,263
MEXICALI,7,5,515,URBANO(A),33,35,31,10,16,15,36,16,NO,SWITCH,1,DISCAPACITADOS,MEDIA,802,232,196,233
MEXICALI,7,5,516,URBANO(A),152,147,141,43,90,63,140,95,NO,SWITCH,1,POBLACION INDIGENA,MEDIA,3754,980,840,981
MEXICALI,2,4,517,URBANO(A),60,58,49,30,52,46,77,70,SI,SWITCH,1,ADULTOS MAYORES,MEDIA,1046,236,159,237
MEXICALI,2,4,518,URBANO(A),215,228,206,75,179,167,257,323,SI,OPOSITOR,3,JOVENES,MEDIA ALTA,4047,810,553,811
MEXICALI,2,4,519,URBANO(A),134,154,119,52,104,107,175,170,SI,OPOSITOR,3,JOVENES,MEDIA ALTA,2945,622,447,623
MEXICALI,2,4,520,URBANO(A),201,214,176,64,128,128,151,361,SI,OPOSITOR,3,JOVENES,MEDIA ALTA,3579,639,488,640
MEXICALI,2,4,521,URBANO(A),104,115,98,43,93,86,112,143,SI,OPOSITOR,3,MIXTO,MEDIA ALTA,1712,383,271,384
MEXICALI,2,4,522,URBANO(A),298,307,266,102,160,202,295,343,SI,OPOSITOR,3,MIXTO,MEDIA ALTA,6340,1506,1211,1507
MEXICALI,2,4,523,URBANO(A),311,339,269,113,251,244,437,492,SI,OPOSITOR,3,MIXTO,MEDIA ALTA,8750,1803,1366,1804
MEXICALI,2,4,524,URBANO(A),60,55,50,19,52,51,74,90,SI,OPOSITOR,3,MIXTO,MEDIA ALTA,1092,258,184,259
MEXICALI,2,4,525,URBANO(A),72,77,65,28,60,68,103,143,SI,SWITCH,1,MIXTO,MEDIA ALTA,1112,263,160,264
MEXICALI,2,4,526,URBANO(A),70,81,56,25,64,78,78,130,SI,OPOSITOR,3,ADULTOS MAYORES,MEDIA ALTA,1044,234,156,235
MEXICALI,2,4,527,URBANO(A),41,53,41,19,47,55,51,96,SI,OPOSITOR,3,MIXTO,ALTA,874,195,144,196
MEXICALI,2,4,528,URBANO(A),69,80,57,39,65,96,102,188,SI,OPOSITOR,3,MIXTO,MEDIA,1652,383,281,384
MEXICALI,2,4,529,URBANO(A),80,86,70,52,99,148,110,214,SI,OPOSITOR,3,DISCAPACITADOS,MEDIA,1408,323,213,324
MEXICALI,2,4,530,URBANO(A),77,76,64,37,83,103,87,169,SI,OPOSITOR,3,DISCAPACITADOS,MEDIA,1138,300,213,301
MEXICALI,2,4,531,URBANO(A),62,63,57,12,52,66,78,144,SI,OPOSITOR,3,MIXTO,MEDIA ALTA,1144,258,180,259
MEXICALI,2,4,532,URBANO(A),80,107,90,34,71,86,115,163,SI,OPOSITOR,3,MIXTO,MEDIA,1336,319,204,320
MEXICALI,2,4,533,URBANO(A),82,81,63,42,92,101,112,171,SI,OPOSITOR,3,ADULTOS MAYORES,MEDIA,1394,330,218,331
MEXICALI,2,4,534,URBANO(A),126,129,90,47,91,89,161,164,SI,SWITCH,1,MIXTO,MEDIA,1771,367,206,368
MEXICALI,2,4,535,URBANO(A),40,47,34,10,30,25,42,35,SI,OPOSITOR,3,MIXTO,MEDIA ALTA,579,133,91,134
MEXICALI,2,4,536,URBANO(A),50,49,41,18,41,31,62,60,SI,OPOSITOR,3,MIXTO,MEDIA,820,227,165,228
MEXICALI,2,4,537,URBANO(A),54,59,47,9,32,25,49,44,SI,OPOSITOR,3,DISCAPACITADOS,MEDIA,868,208,159,209
MEXICALI,2,4,539,URBANO(A),62,71,56,13,32,33,24,58,SI,SWITCH,1,DISCAPACITADOS,MEDIA,925,128,104,129
MEXICALI,7,5,540,MIXTO(A),257,281,249,44,92,68,217,155,NO,OPOSITOR,3,MIXTO,MEDIA,8384,1558,1341,1559
MEXICALI,2,4,541,URBANO(A),114,129,103,28,67,46,117,124,SI,OPOSITOR,3,MIXTO,MEDIA,3111,736,619,737
MEXICALI,2,4,542,URBANO(A),126,136,126,43,83,67,125,133,SI,SWITCH,1,POBLACION INDIGENA,MEDIA,2779,662,537,663
MEXICALI,2,4,543,URBANO(A),122,125,123,41,72,70,114,133,SI,OPOSITOR,3,DISCAPACITADOS,MEDIA,2346,583,469,584
MEXICALI,2,4,545,URBANO(A),174,189,156,68,118,88,182,211,SI,OPOSITOR,3,MIXTO,MEDIA ALTA,3919,861,679,862
MEXICALI,2,4,546,URBANO(A),55,65,56,18,52,29,45,53,SI,OPOSITOR,3,DISCAPACITADOS,MEDIA,937,226,181,227
MEXICALI,2,4,547,URBANO(A),196,217,206,31,84,54,151,187,SI,SWITCH,1,DISCAPACITADOS,MEDIA,2070,470,319,471
MEXICALI,1,2,548,RURAL,23,30,14,8,14,13,38,33,SI,SWITCH,1,JOVENES,MEDIA,505,115,77,116
MEXICALI,7,1,549,RURAL,60,66,70,7,22,11,91,62,NO,OPOSITOR,3,ADULTOS MAYORES,MEDIA BAJA,1221,338,247,339
MEXICALI,7,1,550,RURAL,152,167,160,109,125,127,0,0,NO,SWITCH,1,POBLACION INDIGENA,MEDIA,1455,0,0,1
MEXICALI,7,1,551,RURAL,129,135,128,61,67,68,60,62,NO,SWITCH,1,POBLACION INDIGENA,MEDIA BAJA,1245,334,274,335
MEXICALI,7,1,552,RURAL,175,183,183,74,97,85,106,109,NO,SWITCH,1,MIXTO,MEDIA BAJA,1615,318,212,319
MEXICALI,7,1,553,MIXTO(A),278,286,267,127,181,163,63,168,NO,SWITCH,1,MIXTO,MEDIA BAJA,2068,253,190,254
MEXICALI,7,1,554,URBANO(A),145,148,148,85,130,114,193,191,NO,SWITCH,1,POBLACION INDIGENA,MEDIA,1615,418,225,419
MEXICALI,7,1,555,URBANO(A),171,177,165,25,125,105,161,156,NO,SWITCH,1,POBLACION INDIGENA,MEDIA,2635,468,307,469
MEXICALI,7,1,556,RURAL,361,278,374,154,196,197,160,173,NO,SWITCH,1,MIXTO,MEDIA BAJA,2190,583,423,584
MEXICALI,7,1,557,RURAL,30,34,30,14,16,14,24,29,NO,OPOSITOR,3,ADULTOS MAYORES,MEDIA BAJA,457,104,80,105
MEXICALI,7,1,558,URBANO(A),210,198,196,78,150,118,221,218,NO,OPOSITOR,3,MIXTO,MEDIA,2405,489,268,490
MEXICALI,7,1,559,URBANO(A),136,169,120,57,108,84,142,155,NO,SWITCH,1,ADULTOS MAYORES,MEDIA,1232,216,74,217
MEXICALI,7,1,560,URBANO(A),150,159,141,66,151,106,158,146,NO,SWITCH,1,ADULTOS MAYORES,MEDIA,1464,311,153,312
MEXICALI,7,1,561,URBANO(A),184,192,167,63,116,87,164,168,NO,SWITCH,1,MIXTO,MEDIA ALTA,1703,324,160,325
MEXICALI,7,1,562,URBANO(A),218,236,213,85,134,115,91,101,NO,SWITCH,1,MIXTO,MEDIA,2018,277,186,278
MEXICALI,7,1,563,RURAL,63,70,58,50,71,97,60,106,NO,SWITCH,1,DISCAPACITADOS,MEDIA BAJA,1125,331,271,332
MEXICALI,1,2,564,MIXTO(A),89,90,71,35,56,47,124,110,SI,SWITCH,1,ADULTOS MAYORES,MEDIA ALTA,1187,215,91,216
MEXICALI,7,5,566,URBANO(A),136,149,170,31,56,35,91,65,NO,OPOSITOR,3,MIXTO,MEDIA,2574,602,511,603
MEXICALI,7,5,567,MIXTO(A),90,102,92,24,50,33,58,39,NO,SWITCH,1,ADULTOS MAYORES,MEDIA BAJA,1262,339,281,340
MEXICALI,7,5,569,MIXTO(A),137,141,116,76,138,144,216,194,NO,LEAL,2,ADULTOS MAYORES,ALTA,591,85,-131,86
MEXICALI,7,5,570,MIXTO(A),318,318,287,127,301,253,776,582,NO,SWITCH,1,MIXTO,MEDIA ALTA,5936,1216,440,1217
MEXICALI,1,2,572,RURAL,138,150,127,57,111,98,250,223,SI,SWITCH,1,MIXTO,MEDIA ALTA,3284,635,385,636
MEXICALI,1,1,573,MIXTO(A),62,60,62,38,53,55,59,37,SI,SWITCH,1,POBLACION INDIGENA,MEDIA,1466,115,56,116
MEXICALI,7,1,574,RURAL,169,200,173,45,58,48,88,115,NO,SWITCH,1,POBLACION INDIGENA,MEDIA,1581,273,185,274
MEXICALI,7,1,575,MIXTO(A),213,223,217,113,176,166,199,222,NO,SWITCH,1,POBLACION INDIGENA,MEDIA BAJA,2583,574,375,575
MEXICALI,7,1,576,URBANO(A),34,37,33,19,25,27,30,21,NO,SWITCH,1,POBLACION INDIGENA,MEDIA BAJA,532,152,122,153
MEXICALI,7,1,577,URBANO(A),126,146,127,38,63,52,105,119,NO,SWITCH,1,ADULTOS MAYORES,MEDIA,1601,441,336,442
MEXICALI,7,1,578,URBANO(A),154,172,132,45,87,74,173,170,NO,SWITCH,1,ADULTOS MAYORES,MEDIA ALTA,1732,402,229,403
MEXICALI,7,1,579,RURAL,164,173,168,68,83,80,95,123,NO,SWITCH,1,ADULTOS MAYORES,MEDIA BAJA,1417,314,219,315
MEXICALI,7,1,580,RURAL,25,29,24,21,26,25,31,30,NO,SWITCH,1,ADULTOS MAYORES,MEDIA BAJA,559,130,99,131
MEXICALI,7,1,581,RURAL,115,115,122,46,61,60,79,88,NO,SWITCH,1,DISCAPACITADOS,MEDIA BAJA,1020,217,138,218
MEXICALI,7,1,582,URBANO(A),120,115,119,96,113,109,99,113,NO,SWITCH,1,DISCAPACITADOS,MEDIA BAJA,1256,289,190,290
MEXICALI,7,1,583,URBANO(A),77,78,70,26,47,18,86,89,NO,SWITCH,1,MIXTO,MEDIA BAJA,1287,315,229,316
MEXICALI,7,1,584,URBANO(A),96,95,89,31,69,50,132,122,NO,SWITCH,1,MIXTO,MEDIA,1314,300,168,301
MEXICALI,7,1,585,URBANO(A),63,76,69,32,63,38,110,107,NO,SWITCH,1,DISCAPACITADOS,MEDIA ALTA,930,245,135,246
MEXICALI,7,1,586,URBANO(A),81,57,74,36,64,44,66,76,NO,SWITCH,1,ADULTOS MAYORES,MEDIA,884,248,182,249
MEXICALI,7,1,587,RURAL,19,18,18,10,17,12,18,21,NO,SWITCH,1,ADULTOS MAYORES,BAJA,234,69,51,70
MEXICALI,7,1,588,RURAL,125,130,124,30,49,34,91,100,NO,SWITCH,1,MIXTO,MEDIA BAJA,1107,276,185,277
MEXICALI,7,1,589,MIXTO(A),139,153,132,57,93,77,188,233,NO,SWITCH,1,DISCAPACITADOS,MEDIA,1245,288,100,289
MEXICALI,7,1,590,MIXTO(A),198,217,207,106,151,122,193,202,NO,SWITCH,1,MIXTO,MEDIA,2309,506,313,507
MEXICALI,7,1,591,MIXTO(A),71,73,65,19,30,26,45,40,NO,SWITCH,1,ADULTOS MAYORES,MEDIA BAJA,784,216,171,217
MEXICALI,7,1,592,MIXTO(A),151,161,147,29,51,45,81,81,NO,SWITCH,1,DISCAPACITADOS,MEDIA,1592,407,326,408
MEXICALI,1,1,593,URBANO(A),79,63,88,26,44,37,73,60,SI,OPOSITOR,3,MIXTO,MEDIA,1278,278,205,279
MEXICALI,1,1,594,URBANO(A),181,190,213,53,104,69,201,141,SI,SWITCH,1,MIXTO,MEDIA ALTA,7173,1259,1058,1260
MEXICALI,1,1,596,URBANO(A),120,140,125,41,83,66,155,107,SI,SWITCH,1,MIXTO,MEDIA ALTA,2753,586,431,587
MEXICALI,7,1,597,RURAL,109,124,112,34,64,56,114,87,NO,SWITCH,1,ADULTOS MAYORES,MEDIA BAJA,1529,329,215,330
MEXICALI,7,1,598,RURAL,90,92,94,22,30,28,65,58,NO,SWITCH,1,ADULTOS MAYORES,MEDIA,1052,249,184,250
MEXICALI,7,1,599,URBANO(A),169,184,182,45,69,55,92,71,NO,SWITCH,1,MIXTO,MEDIA,2377,633,541,634
MEXICALI,7,1,600,RURAL,73,70,67,20,31,24,51,38,NO,SWITCH,1,ADULTOS MAYORES,MEDIA BAJA,856,207,156,208
MEXICALI,7,1,601,URBANO(A),152,152,158,77,83,86,117,190,NO,SWITCH,1,MIXTO,MEDIA,1543,364,247,365
MEXICALI,7,1,602,MIXTO(A),98,106,104,32,47,38,124,229,NO,SWITCH,1,JOVENES,MEDIA BAJA,1577,376,252,377
MEXICALI,7,1,603,RURAL,160,164,165,102,122,115,102,140,NO,SWITCH,1,POBLACION INDIGENA,MEDIA BAJA,2242,622,520,623
MEXICALI,7,1,604,RURAL,77,84,75,23,32,33,47,68,NO,SWITCH,1,ADULTOS MAYORES,MEDIA BAJA,842,270,223,271
MEXICALI,7,1,605,URBANO(A),72,74,71,32,60,47,54,109,NO,SWITCH,1,MIXTO,MEDIA,1233,164,110,165
MEXICALI,7,1,606,URBANO(A),68,69,65,21,43,40,57,63,NO,SWITCH,1,ADULTOS MAYORES,MEDIA,999,286,229,287
MEXICALI,7,1,607,URBANO(A),78,90,81,46,73,57,56,137,NO,SWITCH,1,ADULTOS MAYORES,MEDIA,1181,159,103,160
MEXICALI,7,1,608,URBANO(A),100,111,98,51,70,59,110,138,NO,SWITCH,1,DISCAPACITADOS,MEDIA,1492,364,254,365
MEXICALI,7,1,609,RURAL,55,56,56,20,29,31,44,47,NO,SWITCH,1,DISCAPACITADOS,MEDIA BAJA,698,158,114,159
MEXICALI,7,1,610,RURAL,139,149,139,69,80,72,68,72,NO,SWITCH,1,POBLACION INDIGENA,BAJA,1707,374,306,375
MEXICALI,7,1,611,URBANO(A),104,107,106,40,67,54,41,82,NO,SWITCH,1,MIXTO,MEDIA BAJA,1286,160,119,161
MEXICALI,7,1,612,RURAL,41,44,42,13,11,13,0,0,NO,SWITCH,1,DISCAPACITADOS,BAJA,533,0,0,1
MEXICALI,7,1,613,MIXTO(A),197,189,205,98,121,115,146,210,NO,SWITCH,1,MIXTO,MEDIA BAJA,2082,510,364,511
MEXICALI,7,1,614,RURAL,89,96,98,20,34,27,43,56,NO,OPOSITOR,3,ADULTOS MAYORES,MEDIA BAJA,698,192,149,193
MEXICALI,7,1,615,URBANO(A),63,74,50,28,54,36,66,61,NO,SWITCH,1,MIXTO,MEDIA ALTA,1911,463,397,464
MEXICALI,7,1,616,RURAL,68,69,72,22,25,30,47,39,NO,SWITCH,1,DISCAPACITADOS,MEDIA BAJA,1044,254,207,255
MEXICALI,7,1,617,RURAL,49,53,56,10,20,11,32,49,NO,OPOSITOR,3,POBLACION INDIGENA,MEDIA,896,249,217,250
MEXICALI,7,1,618,RURAL,93,100,92,43,62,55,65,94,NO,SWITCH,1,POBLACION INDIGENA,MEDIA BAJA,777,243,178,244
MEXICALI,7,1,619,RURAL,41,45,35,42,59,49,38,41,NO,SWITCH,1,POBLACION INDIGENA,MEDIA BAJA,758,161,123,162
MEXICALI,7,1,620,MIXTO(A),123,132,123,47,68,56,84,120,NO,SWITCH,1,POBLACION INDIGENA,MEDIA BAJA,2321,517,433,518
MEXICALI,7,1,621,URBANO(A),143,157,143,52,67,62,129,144,NO,SWITCH,1,POBLACION INDIGENA,MEDIA BAJA,1449,440,311,441
MEXICALI,7,1,622,URBANO(A),104,119,94,30,76,53,131,117,NO,OPOSITOR,3,ADULTOS MAYORES,MEDIA ALTA,1873,496,365,497
MEXICALI,7,1,623,URBANO(A),69,58,51,22,43,37,125,132,NO,OPOSITOR,3,DISCAPACITADOS,MEDIA,1504,323,198,324
MEXICALI,7,1,624,URBANO(A),25,36,27,9,20,14,31,48,NO,OPOSITOR,3,DISCAPACITADOS,MEDIA BAJA,1169,343,312,344
MEXICALI,7,1,625,URBANO(A),76,75,72,25,36,34,74,92,NO,SWITCH,1,MIXTO,MEDIA BAJA,1679,407,333,408
MEXICALI,7,1,626,URBANO(A),204,212,210,66,84,69,111,130,NO,SWITCH,1,POBLACION INDIGENA,BAJA,2146,497,386,498
MEXICALI,7,1,627,RURAL,109,128,118,50,69,59,79,111,NO,SWITCH,1,POBLACION INDIGENA,MEDIA BAJA,2410,637,558,638
MEXICALI,7,1,628,URBANO(A),96,105,113,24,44,31,76,118,NO,SWITCH,1,ADULTOS MAYORES,MEDIA ALTA,1465,463,387,464
MEXICALI,7,1,629,MIXTO(A),68,77,65,20,37,25,21,79,NO,SWITCH,1,MIXTO,MEDIA,1221,186,165,187
MEXICALI,7,1,630,MIXTO(A),54,60,57,11,33,26,36,87,NO,SWITCH,1,ADULTOS MAYORES,MEDIA,868,119,83,120
MEXICALI,7,1,631,URBANO(A),61,69,59,14,42,28,70,92,NO,SWITCH,1,ADULTOS MAYORES,MEDIA,1085,326,256,327
MEXICALI,7,1,632,MIXTO(A),17,22,15,4,12,8,21,28,NO,OPOSITOR,3,ADULTOS MAYORES,MEDIA BAJA,403,108,87,109
MEXICALI,7,5,633,MIXTO(A),157,217,298,68,104,86,163,160,NO,SWITCH,1,DISCAPACITADOS,MEDIA ALTA,2556,631,468,632
MEXICALI,7,1,634,RURAL,101,107,101,38,64,48,82,108,NO,SWITCH,1,POBLACION INDIGENA,MEDIA BAJA,1224,370,288,371
MEXICALI,7,1,635,RURAL,90,91,94,34,41,41,52,59,NO,SWITCH,1,MIXTO,MEDIA BAJA,927,196,144,197
MEXICALI,7,5,636,URBANO(A),30,28,27,13,19,11,23,20,NO,OPOSITOR,3,POBLACION INDIGENA,MEDIA BAJA,501,140,117,141
MEXICALI,7,5,637,MIXTO(A),15,18,18,4,13,8,18,21,NO,OPOSITOR,3,DISCAPACITADOS,MEDIA,457,124,106,125
MEXICALI,7,5,638,URBANO(A),36,43,35,10,27,20,77,13,NO,SWITCH,1,POBLACION INDIGENA,MEDIA,622,118,41,119
MEXICALI,7,5,639,URBANO(A),56,54,54,32,42,30,69,67,NO,SWITCH,1,DISCAPACITADOS,MEDIA,916,218,149,219
MEXICALI,7,1,640,URBANO(A),66,58,64,16,40,29,55,75,NO,OPOSITOR,3,POBLACION INDIGENA,MEDIA,1444,329,274,330
MEXICALI,7,1,641,URBANO(A),56,70,59,17,44,32,67,84,NO,SWITCH,1,DISCAPACITADOS,ALTA,920,253,186,254
MEXICALI,7,1,642,URBANO(A),97,106,96,32,73,56,140,181,NO,SWITCH,1,JOVENES,MEDIA,2345,579,439,580
MEXICALI,7,1,643,URBANO(A),131,126,138,41,73,52,111,147,NO,SWITCH,1,POBLACION INDIGENA,MEDIA,2507,599,488,600
MEXICALI,7,5,644,URBANO(A),103,114,100,16,110,75,87,70,NO,OPOSITOR,3,ADULTOS MAYORES,MEDIA ALTA,816,170,83,171
MEXICALI,7,1,645,URBANO(A),225,231,237,77,153,119,222,268,NO,SWITCH,1,JOVENES,MEDIA,4697,839,617,840
MEXICALI,7,5,646,MIXTO(A),64,73,68,15,20,16,22,22,NO,SWITCH,1,DISCAPACITADOS,MEDIA BAJA,694,21,-1,22
MEXICALI,7,5,647,URBANO(A),110,108,106,39,52,46,42,36,NO,SWITCH,1,DISCAPACITADOS,MEDIA,820,246,204,247
MEXICALI,7,5,648,URBANO(A),102,107,111,18,26,29,74,74,NO,OPOSITOR,3,DISCAPACITADOS,MEDIA BAJA,1191,308,234,309
MEXICALI,7,5,649,MIXTO(A),55,59,61,11,24,24,62,47,NO,SWITCH,1,DISCAPACITADOS,MEDIA,778,185,123,186
MEXICALI,7,5,650,URBANO(A),20,20,19,4,13,8,21,24,NO,OPOSITOR,3,MIXTO,MEDIA BAJA,688,165,144,166
MEXICALI,7,5,651,MIXTO(A),98,100,93,43,62,63,74,58,NO,SWITCH,1,DISCAPACITADOS,MEDIA BAJA,1094,269,195,270
MEXICALI,7,5,652,URBANO(A),52,54,49,31,46,39,46,34,NO,SWITCH,1,DISCAPACITADOS,MEDIA BAJA,771,209,163,210
MEXICALI,7,5,653,URBANO(A),89,92,87,19,38,30,52,47,NO,OPOSITOR,3,DISCAPACITADOS,MEDIA BAJA,1201,307,255,308
MEXICALI,7,5,654,URBANO(A),55,58,356,36,43,38,42,31,NO,SWITCH,1,DISCAPACITADOS,MEDIA BAJA,910,247,205,248
MEXICALI,7,5,655,MIXTO(A),78,82,78,25,42,17,57,54,NO,OPOSITOR,3,MIXTO,MEDIA BAJA,1428,361,304,362
MEXICALI,7,5,656,MIXTO(A),94,90,93,43,60,50,60,44,NO,SWITCH,1,DISCAPACITADOS,MEDIA BAJA,1424,364,304,365
MEXICALI,7,5,657,RURAL,122,119,103,51,74,62,51,46,NO,SWITCH,1,MIXTO,MEDIA BAJA,1005,239,188,240
MEXICALI,7,5,658,RURAL,121,126,121,67,72,69,55,50,NO,SWITCH,1,MIXTO,MEDIA BAJA,1179,310,255,311
MEXICALI,7,5,659,MIXTO(A),39,48,43,9,23,16,33,38,NO,SWITCH,1,DISCAPACITADOS,MEDIA,745,187,154,188
MEXICALI,7,5,660,RURAL,37,41,44,11,20,13,42,33,NO,SWITCH,1,POBLACION INDIGENA,MEDIA BAJA,519,125,83,126
MEXICALI,7,5,663,RURAL,208,217,202,68,81,85,86,71,NO,OPOSITOR,3,DISCAPACITADOS,MEDIA BAJA,1670,481,395,482
MEXICALI,7,5,664,URBANO(A),296,291,293,108,609,135,149,144,NO,SWITCH,1,POBLACION INDIGENA,MEDIA BAJA,2035,483,334,484
MEXICALI,7,5,665,URBANO(A),117,124,121,51,63,58,51,48,NO,SWITCH,1,POBLACION INDIGENA,MEDIA BAJA,1059,267,216,268
MEXICALI,7,5,666,URBANO(A),74,75,67,32,42,38,46,44,NO,SWITCH,1,POBLACION INDIGENA,MEDIA BAJA,633,169,123,170
MEXICALI,7,5,667,URBANO(A),98,97,98,40,46,42,52,49,NO,OPOSITOR,3,MIXTO,MEDIA,920,235,183,236
MEXICALI,7,5,668,URBANO(A),170,171,179,53,63,53,49,43,NO,SWITCH,1,POBLACION INDIGENA,MEDIA BAJA,1134,305,256,306
MEXICALI,7,5,669,RURAL,38,39,38,11,14,13,27,24,NO,SWITCH,1,DISCAPACITADOS,BAJA,334,63,36,64
MEXICALI,7,5,670,URBANO(A),64,66,61,19,18,21,6,10,NO,SWITCH,1,DISCAPACITADOS,MEDIA BAJA,362,119,113,120
MEXICALI,7,5,671,URBANO(A),60,67,61,22,21,19,15,12,NO,SWITCH,1,DISCAPACITADOS,MEDIA BAJA,372,113,98,114
MEXICALI,7,5,672,RURAL,29,30,27,4,10,7,6,5,NO,OPOSITOR,3,DISCAPACITADOS,BAJA,415,113,107,114
SAN FELIPE,7,5,673,URBANO(A),51,56,28,21,39,23,23,43,NO,OPOSITOR,3,N/D,MEDIA BAJA,891,151,128,152
SAN FELIPE,7,5,674,URBANO(A),50,55,33,12,23,17,23,26,NO,OPOSITOR,3,N/D,MEDIA,855,152,129,153
SAN FELIPE,7,5,675,MIXTO(A),77,74,54,18,51,25,30,84,NO,SWITCH,1,N/D,MEDIA,1323,166,136,167
SAN FELIPE,7,5,676,URBANO(A),70,72,48,23,43,29,32,53,NO,SWITCH,1,N/D,MEDIA ALTA,1378,265,233,266
SAN FELIPE,7,5,677,URBANO(A),30,26,20,12,21,19,16,28,NO,SWITCH,1,N/D,MEDIA,610,118,102,119
SAN FELIPE,7,5,678,MIXTO(A),344,326,179,92,172,90,96,147,NO,SWITCH,1,N/D,MEDIA BAJA,5736,1154,1058,1155
SAN FELIPE,7,5,679,URBANO(A),109,113,70,32,64,36,53,76,NO,SWITCH,1,N/D,MEDIA,2096,400,347,401
SAN FELIPE,7,5,680,URBANO(A),102,92,59,22,52,33,36,66,NO,SWITCH,1,N/D,MEDIA,2277,492,456,493
MEXICALI,1,3,681,URBANO(A),102,108,96,48,101,91,168,140,SI,SWITCH,1,ADULTOS MAYORES,ALTA,516,88,-80,89
MEXICALI,1,2,682,URBANO(A),360,282,279,239,478,430,945,770,SI,SWITCH,1,MIXTO,ALTA,2911,438,-507,439
MEXICALI,1,3,683,URBANO(A),81,88,74,35,73,56,114,99,SI,SWITCH,1,ADULTOS MAYORES,ALTA,729,146,32,147
MEXICALI,1,3,684,URBANO(A),99,104,104,41,88,82,112,98,SI,SWITCH,1,ADULTOS MAYORES,ALTA,655,138,26,139
MEXICALI,1,3,685,URBANO(A),107,104,80,49,88,69,121,101,SI,SWITCH,1,JEFAS DE HOGAR,ALTA,691,137,16,138
MEXICALI,1,3,686,URBANO(A),80,84,75,21,53,51,71,68,SI,SWITCH,1,ADULTOS MAYORES,ALTA,559,130,59,131
MEXICALI,1,3,687,URBANO(A),70,84,78,26,56,45,73,70,SI,SWITCH,1,ADULTOS MAYORES,ALTA,660,158,85,159
MEXICALI,1,2,688,URBANO(A),90,95,87,41,64,58,90,90,SI,SWITCH,1,ADULTOS MAYORES,MEDIA ALTA,652,178,88,179
MEXICALI,1,2,689,URBANO(A),67,70,80,18,40,30,82,66,SI,SWITCH,1,ADULTOS MAYORES,ALTA,699,180,98,181
MEXICALI,7,1,693,MIXTO(A),57,63,53,17,34,24,62,56,NO,SWITCH,1,POBLACION INDIGENA,MEDIA,1029,406,344,407
TECATE,9,6,694,URBANO(A),162,161,183,53,58,105,82,80,NO,OPOSITOR,3,MIXTO,MEDIA ALTA,1822,286,204,287
TECATE,9,6,695,URBANO(A),174,151,179,55,54,116,75,76,NO,SWITCH,1,ADULTOS MAYORES,ALTA,1513,272,197,273
TECATE,9,6,696,URBANO(A),255,217,244,64,66,161,144,135,NO,SWITCH,1,ADULTOS MAYORES,ALTA,2197,384,240,385
TECATE,9,6,697,URBANO(A),171,135,159,34,41,87,65,81,NO,OPOSITOR,3,ADULTOS MAYORES,ALTA,1172,244,179,245
TECATE,9,6,698,URBANO(A),105,95,100,32,31,57,56,59,NO,SWITCH,1,ADULTOS MAYORES,ALTA,744,131,75,132
TECATE,9,6,699,URBANO(A),115,99,115,41,39,72,81,69,NO,SWITCH,1,ADULTOS MAYORES,ALTA,945,139,58,140
TECATE,9,6,700,URBANO(A),256,172,185,87,57,96,111,141,NO,OPOSITOR,3,DISCAPACITADOS,ALTA,1337,239,128,240
TECATE,9,6,701,URBANO(A),169,147,164,42,49,100,100,93,NO,SWITCH,1,ADULTOS MAYORES,ALTA,1510,238,138,239
TECATE,9,6,703,URBANO(A),231,223,236,53,60,124,72,94,NO,OPOSITOR,3,ADULTOS MAYORES,MEDIA ALTA,2110,452,380,453
TECATE,9,6,704,URBANO(A),137,130,132,31,33,65,55,76,NO,SWITCH,1,MIXTO,MEDIA ALTA,1186,233,178,234
TECATE,9,6,705,URBANO(A),153,136,159,34,41,87,84,100,NO,OPOSITOR,3,MIXTO,MEDIA ALTA,1740,321,237,322
TECATE,9,6,706,URBANO(A),211,200,220,59,57,151,154,149,NO,SWITCH,1,MIXTO,ALTA,1862,306,152,307
TECATE,9,6,707,URBANO(A),155,166,164,53,52,110,99,98,NO,SWITCH,1,ADULTOS MAYORES,ALTA,1183,185,86,186
TECATE,9,6,708,URBANO(A),164,142,163,48,55,81,99,108,NO,OPOSITOR,3,ADULTOS MAYORES,ALTA,1250,243,144,244
TECATE,9,6,709,MIXTO(A),205,176,205,46,60,118,140,149,NO,SWITCH,1,MIXTO,MEDIA ALTA,1849,312,172,313
TECATE,9,6,710,MIXTO(A),171,159,176,37,51,92,76,90,NO,SWITCH,1,POBLACION INDIGENA,MEDIA,2014,311,235,312
TECATE,9,6,711,URBANO(A),237,232,251,57,64,133,77,127,NO,OPOSITOR,3,MIXTO,MEDIA,3553,700,623,701
TECATE,9,6,712,URBANO(A),119,121,124,29,37,79,52,55,NO,SWITCH,1,MIXTO,MEDIA ALTA,1435,282,230,283
TECATE,9,6,713,URBANO(A),111,105,116,22,36,67,34,42,NO,SWITCH,1,MIXTO,MEDIA ALTA,1572,317,283,318
TECATE,9,6,714,URBANO(A),223,201,221,69,66,120,72,122,NO,OPOSITOR,3,MIXTO,MEDIA ALTA,4168,760,688,761
TECATE,9,6,715,URBANO(A),180,160,165,55,59,93,46,79,NO,OPOSITOR,3,MIXTO,MEDIA,4448,869,823,870
TECATE,9,6,716,URBANO(A),216,189,230,51,64,112,95,113,NO,OPOSITOR,3,MIXTO,MEDIA ALTA,3029,600,505,601
TECATE,9,6,717,URBANO(A),157,145,173,26,33,64,42,60,NO,SWITCH,1,MIXTO,MEDIA ALTA,1537,280,238,281
TECATE,9,6,718,URBANO(A),101,109,108,29,34,52,45,59,NO,OPOSITOR,3,MIXTO,MEDIA ALTA,1734,339,294,340
TECATE,9,6,719,URBANO(A),97,87,84,11,12,31,25,32,NO,OPOSITOR,3,MIXTO,MEDIA ALTA,1099,236,211,237
TECATE,9,6,720,URBANO(A),119,102,121,31,34,73,50,56,NO,OPOSITOR,3,DISCAPACITADOS,MEDIA ALTA,1372,237,187,238
TECATE,9,6,724,MIXTO(A),276,282,293,60,59,107,98,116,NO,OPOSITOR,3,MIXTO,MEDIA BAJA,6497,989,891,990
TECATE,9,6,725,MIXTO(A),66,67,64,22,22,19,22,34,NO,OPOSITOR,3,POBLACION INDIGENA,MEDIA BAJA,885,173,151,174
TECATE,9,6,726,MIXTO(A),141,162,136,40,52,50,44,55,NO,SWITCH,1,POBLACION INDIGENA,MEDIA BAJA,1811,346,302,347
TECATE,9,6,727,RURAL,73,71,75,31,31,37,46,46,NO,SWITCH,1,POBLACION INDIGENA,BAJA,824,112,66,113
TECATE,9,6,728,MIXTO(A),62,59,55,16,19,25,24,33,NO,OPOSITOR,3,POBLACION INDIGENA,MEDIA BAJA,1089,210,186,211
TECATE,9,6,729,MIXTO(A),74,75,77,31,30,42,36,43,NO,SWITCH,1,POBLACION INDIGENA,MEDIA BAJA,1616,286,250,287
TECATE,9,6,730,RURAL,85,83,82,42,50,48,39,51,NO,OPOSITOR,3,POBLACION INDIGENA,MEDIA BAJA,2225,459,420,460
TECATE,9,6,731,MIXTO(A),63,65,65,36,42,50,40,44,NO,SWITCH,1,ADULTOS,MEDIA BAJA,1208,198,158,199
TECATE,9,6,732,RURAL,77,95,87,28,32,39,42,31,NO,SWITCH,1,MIXTO,MEDIA BAJA,439,80,38,81
TECATE,9,6,733,MIXTO(A),86,87,87,14,39,44,85,85,NO,SWITCH,1,ADULTOS MAYORES,MEDIA BAJA,1409,223,138,224
TECATE,9,6,734,MIXTO(A),59,58,57,20,27,26,23,26,NO,SWITCH,1,DISCAPACITADOS,MEDIA BAJA,648,131,108,132
TIJUANA,6,11,735,URBANO(A),149,79,122,132,304,227,288,306,NO,SWITCH,1,MIXTO,MEDIA,2498,349,61,350
TIJUANA,6,11,736,URBANO(A),46,33,46,25,62,42,55,58,NO,OPOSITOR,3,POBLACION INDIGENA,MEDIA,1494,319,264,320
TIJUANA,6,10,737,URBANO(A),128,62,108,100,223,162,206,212,NO,SWITCH,1,JEFAS DE HOGAR,MEDIA ALTA,1167,207,1,208
TIJUANA,6,10,738,URBANO(A),82,51,78,51,157,111,163,159,NO,SWITCH,1,ADULTOS MAYORES,ALTA,1025,172,9,173
TIJUANA,6,10,739,URBANO(A),115,56,102,85,212,154,237,252,NO,SWITCH,1,ADULTOS MAYORES,MEDIA ALTA,1666,279,42,280
TIJUANA,6,10,740,URBANO(A),116,63,121,61,170,120,170,184,NO,SWITCH,1,ADULTOS MAYORES,MEDIA ALTA,1401,283,113,284
TIJUANA,6,10,741,URBANO(A),75,36,78,41,130,93,127,132,NO,SWITCH,1,POBLACION INDIGENA,ALTA,1321,257,130,258
TIJUANA,6,10,742,URBANO(A),130,73,102,82,251,95,168,138,NO,SWITCH,1,POBLACION INDIGENA,MEDIA ALTA,1553,400,232,401
TIJUANA,6,10,743,URBANO(A),32,25,35,21,60,31,38,36,NO,OPOSITOR,3,ADULTOS MAYORES,MEDIA ALTA,795,178,140,179
TIJUANA,6,10,744,URBANO(A),76,54,84,38,80,67,57,55,NO,SWITCH,1,DISCAPACITADOS,MEDIA ALTA,792,166,109,167
TIJUANA,6,10,745,URBANO(A),36,22,48,23,58,35,64,56,NO,OPOSITOR,3,ADULTOS MAYORES,MEDIA ALTA,861,162,98,163
TIJUANA,6,10,746,URBANO(A),75,46,67,33,94,66,72,64,NO,SWITCH,1,DISCAPACITADOS,MEDIA ALTA,905,173,101,174
TIJUANA,6,10,747,URBANO(A),47,23,48,23,54,39,54,50,NO,OPOSITOR,3,ADULTOS MAYORES,MEDIA ALTA,822,156,102,157
TIJUANA,6,10,748,URBANO(A),34,24,43,15,51,30,43,41,NO,SWITCH,1,ADULTOS MAYORES,MEDIA,831,141,98,142
TIJUANA,6,10,749,URBANO(A),39,30,45,12,44,21,30,28,NO,OPOSITOR,3,MIXTO,MEDIA BAJA,956,181,151,182
TIJUANA,6,10,750,URBANO(A),26,24,23,12,25,20,26,13,NO,OPOSITOR,3,POBLACION INDIGENA,MEDIA BAJA,717,137,111,138
TIJUANA,6,10,751,URBANO(A),42,37,37,19,37,27,23,20,NO,OPOSITOR,3,POBLACION INDIGENA,BAJA,827,158,135,159
TIJUANA,6,10,752,URBANO(A),21,18,20,7,19,12,14,11,NO,OPOSITOR,3,POBLACION INDIGENA,MEDIA BAJA,614,78,64,79
TIJUANA,6,10,753,URBANO(A),23,25,27,13,34,22,19,13,NO,OPOSITOR,3,POBLACION INDIGENA,MEDIA BAJA,877,198,179,199
TIJUANA,6,10,754,URBANO(A),32,18,30,12,46,25,20,24,NO,OPOSITOR,3,MIXTO,MEDIA,989,167,147,168
TIJUANA,6,10,755,URBANO(A),27,24,32,6,28,16,18,24,NO,OPOSITOR,3,MIXTO,MEDIA BAJA,802,154,136,155
TIJUANA,6,10,756,URBANO(A),67,56,69,31,69,47,55,48,NO,OPOSITOR,3,MIXTO,MEDIA,989,206,151,207
TIJUANA,6,10,757,URBANO(A),54,36,40,25,80,51,58,72,NO,SWITCH,1,ADULTOS MAYORES,MEDIA,896,105,47,106
TIJUANA,6,10,758,URBANO(A),48,35,68,23,62,42,33,38,NO,SWITCH,1,MIXTO,MEDIA,857,161,128,162
TIJUANA,6,10,759,URBANO(A),35,26,48,19,62,39,43,36,NO,SWITCH,1,ADULTOS MAYORES,MEDIA ALTA,665,152,109,153
TIJUANA,6,10,760,URBANO(A),52,38,59,25,65,44,56,48,NO,SWITCH,1,ADULTOS MAYORES,MEDIA ALTA,689,142,86,143
TIJUANA,6,10,761,URBANO(A),46,29,51,31,84,61,71,58,NO,SWITCH,1,MIXTO,MEDIA ALTA,1408,262,191,263
TIJUANA,6,11,762,URBANO(A),29,25,32,19,34,30,41,29,NO,OPOSITOR,3,MIXTO,MEDIA,1335,322,281,323
TIJUANA,6,11,763,URBANO(A),43,27,37,19,69,29,72,62,NO,SWITCH,1,ADULTOS MAYORES,MEDIA ALTA,1457,322,250,323
TIJUANA,6,11,764,URBANO(A),109,109,129,64,173,96,120,116,NO,SWITCH,1,MIXTO,MEDIA,3413,775,655,776
TIJUANA,6,11,765,URBANO(A),141,78,118,64,208,130,196,191,NO,SWITCH,1,ADULTOS MAYORES,ALTA,1254,237,41,238
TIJUANA,6,10,766,URBANO(A),173,95,198,100,301,195,275,251,NO,SWITCH,1,MIXTO,ALTA,2875,643,368,644
TIJUANA,6,10,767,URBANO(A),87,53,104,44,142,106,120,113,NO,SWITCH,1,ADULTOS MAYORES,MEDIA ALTA,1526,313,193,314
TIJUANA,6,10,768,URBANO(A),68,41,58,24,85,52,64,63,NO,SWITCH,1,ADULTOS MAYORES,MEDIA ALTA,825,190,126,191
TIJUANA,6,10,769,URBANO(A),40,30,46,12,70,41,49,43,NO,SWITCH,1,MIXTO,MEDIA ALTA,940,202,153,203
TIJUANA,6,10,770,URBANO(A),28,13,36,7,41,18,31,22,NO,OPOSITOR,3,ADULTOS MAYORES,MEDIA ALTA,616,135,104,136
TIJUANA,6,10,771,URBANO(A),112,53,100,62,129,101,111,105,NO,SWITCH,1,ADULTOS MAYORES,MEDIA ALTA,1176,245,134,246
TIJUANA,6,10,772,URBANO(A),78,48,63,38,115,71,80,79,NO,SWITCH,1,ADULTOS MAYORES,MEDIA ALTA,1023,184,104,185
TIJUANA,6,10,773,URBANO(A),30,21,42,18,66,31,36,34,NO,SWITCH,1,POBLACION INDIGENA,MEDIA ALTA,819,178,142,179
TIJUANA,6,10,774,URBANO(A),43,26,45,21,50,44,51,45,NO,SWITCH,1,ADULTOS MAYORES,MEDIA ALTA,645,117,66,118
TIJUANA,6,10,775,URBANO(A),44,25,40,25,68,47,60,60,NO,SWITCH,1,MIXTO,MEDIA ALTA,690,110,50,111
TIJUANA,6,10,776,URBANO(A),65,41,67,56,111,88,102,102,NO,SWITCH,1,POBLACION INDIGENA,MEDIA ALTA,836,144,42,145
TIJUANA,6,10,777,URBANO(A),99,77,110,64,141,110,127,132,NO,SWITCH,1,DISCAPACITADOS,MEDIA ALTA,896,133,6,134
TIJUANA,6,10,778,URBANO(A),65,42,62,39,87,63,69,76,NO,SWITCH,1,ADULTOS MAYORES,MEDIA,912,146,77,147
TIJUANA,6,10,779,URBANO(A),29,22,36,7,30,17,29,31,NO,SWITCH,1,POBLACION INDIGENA,MEDIA BAJA,825,126,97,127
TIJUANA,6,10,780,URBANO(A),31,17,30,12,41,24,49,47,NO,SWITCH,1,POBLACION INDIGENA,MEDIA,629,120,71,121
TIJUANA,6,10,781,URBANO(A),22,14,21,12,26,23,20,27,NO,OPOSITOR,3,POBLACION INDIGENA,MEDIA BAJA,615,91,71,92
TIJUANA,6,10,782,URBANO(A),40,18,32,29,68,45,54,58,NO,SWITCH,1,POBLACION INDIGENA,MEDIA,641,109,55,110
TIJUANA,6,10,783,URBANO(A),188,137,76,91,77,99,71,69,NO,SWITCH,1,POBLACION INDIGENA,MEDIA,826,137,66,138
TIJUANA,6,10,784,URBANO(A),35,26,36,21,57,45,71,57,NO,SWITCH,1,JEFAS DE HOGAR,MEDIA ALTA,625,87,16,88
TIJUANA,6,10,785,URBANO(A),56,44,61,27,85,67,82,74,NO,SWITCH,1,ADULTOS MAYORES,MEDIA,866,154,72,155
TIJUANA,6,10,786,URBANO(A),57,27,55,33,103,68,73,75,NO,SWITCH,1,ADULTOS MAYORES,MEDIA ALTA,986,184,111,185
TIJUANA,6,10,787,URBANO(A),73,41,75,36,93,73,102,103,NO,SWITCH,1,DISCAPACITADOS,MEDIA,943,162,60,163
TIJUANA,6,10,788,URBANO(A),47,33,49,12,50,35,43,44,NO,SWITCH,1,ADULTOS MAYORES,MEDIA,737,164,121,165
TIJUANA,6,10,789,URBANO(A),64,37,62,48,88,73,79,85,NO,SWITCH,1,ADULTOS MAYORES,MEDIA ALTA,828,147,68,148
TIJUANA,6,10,790,URBANO(A),84,56,100,38,103,74,104,104,NO,SWITCH,1,ADULTOS MAYORES,MEDIA ALTA,1478,321,217,322
TIJUANA,6,10,791,URBANO(A),50,27,49,22,66,36,48,52,NO,SWITCH,1,DISCAPACITADOS,MEDIA ALTA,696,147,99,148
TIJUANA,6,10,792,URBANO(A),50,32,57,23,62,45,73,52,NO,SWITCH,1,ADULTOS MAYORES,MEDIA ALTA,767,163,90,164
TIJUANA,6,10,793,URBANO(A),81,54,86,29,81,54,62,55,NO,SWITCH,1,ADULTOS MAYORES,MEDIA ALTA,644,137,75,138
TIJUANA,6,10,794,URBANO(A),87,59,116,48,120,83,125,122,NO,SWITCH,1,ADULTOS MAYORES,ALTA,1120,241,116,242
TIJUANA,6,10,795,URBANO(A),80,45,90,23,122,72,107,75,NO,SWITCH,1,ADULTOS MAYORES,MEDIA ALTA,1218,247,140,248
TIJUANA,6,11,796,URBANO(A),107,70,105,42,131,85,107,117,NO,SWITCH,1,ADULTOS MAYORES,MEDIA ALTA,1128,281,174,282
TIJUANA,6,11,797,URBANO(A),72,46,73,31,114,62,84,72,NO,OPOSITOR,3,POBLACION INDIGENA,MEDIA,2460,535,451,536
TIJUANA,6,11,798,URBANO(A),136,117,136,75,163,87,118,108,NO,SWITCH,1,MIXTO,MEDIA BAJA,3563,736,618,737
TIJUANA,6,11,799,URBANO(A),53,39,53,21,63,38,73,54,NO,SWITCH,1,ADULTOS MAYORES,MEDIA ALTA,1006,235,162,236
TIJUANA,6,10,800,URBANO(A),105,56,132,48,140,88,114,122,NO,SWITCH,1,ADULTOS MAYORES,MEDIA,1796,414,300,415
TIJUANA,6,10,801,URBANO(A),56,41,63,22,77,41,50,39,NO,SWITCH,1,JEFAS DE HOGAR,ALTA,798,202,152,203
TIJUANA,6,10,802,URBANO(A),91,59,108,38,109,79,97,88,NO,SWITCH,1,DISCAPACITADOS,MEDIA ALTA,1176,236,139,237
TIJUANA,6,10,803,URBANO(A),83,71,101,43,116,79,114,89,NO,SWITCH,1,ADULTOS MAYORES,ALTA,1221,284,170,285
TIJUANA,6,10,804,URBANO(A),107,85,134,42,120,80,91,80,NO,SWITCH,1,ADULTOS MAYORES,ALTA,963,246,155,247
TIJUANA,6,10,805,URBANO(A),76,46,95,38,108,63,106,88,NO,SWITCH,1,ADULTOS MAYORES,MEDIA ALTA,1208,323,217,324
TIJUANA,6,10,806,URBANO(A),42,42,48,31,83,53,69,36,NO,SWITCH,1,ADULTOS MAYORES,MEDIA ALTA,848,257,188,258
TIJUANA,6,10,807,URBANO(A),55,37,71,25,63,40,75,50,NO,OPOSITOR,3,MIXTO,MEDIA ALTA,1216,196,121,197
TIJUANA,6,10,808,URBANO(A),77,57,95,32,107,67,81,68,NO,SWITCH,1,ADULTOS MAYORES,MEDIA ALTA,1099,207,126,208
TIJUANA,6,10,809,URBANO(A),45,33,60,26,66,49,60,56,NO,SWITCH,1,ADULTOS MAYORES,MEDIA ALTA,687,140,80,141
TIJUANA,6,10,810,URBANO(A),49,28,64,23,63,34,66,63,NO,SWITCH,1,ADULTOS MAYORES,MEDIA ALTA,875,153,87,154
TIJUANA,6,10,811,URBANO(A),71,45,87,26,84,50,87,70,NO,SWITCH,1,ADULTOS MAYORES,MEDIA,1114,200,113,201
TIJUANA,6,10,812,URBANO(A),39,20,39,27,62,35,61,51,NO,SWITCH,1,ADULTOS MAYORES,MEDIA,722,129,68,130
TIJUANA,6,10,813,URBANO(A),26,13,23,15,37,23,36,30,NO,SWITCH,1,POBLACION INDIGENA,MEDIA ALTA,538,111,75,112
TIJUANA,6,10,814,URBANO(A),43,29,39,26,73,51,76,79,NO,SWITCH,1,POBLACION INDIGENA,MEDIA,740,150,74,151
TIJUANA,6,10,815,URBANO(A),41,26,36,24,50,35,50,51,NO,SWITCH,1,JEFAS DE HOGAR,MEDIA,697,131,81,132
TIJUANA,6,10,816,URBANO(A),56,41,55,25,91,63,65,58,NO,SWITCH,1,ADULTOS MAYORES,MEDIA ALTA,780,133,68,134
TIJUANA,6,10,817,URBANO(A),28,20,28,14,45,25,54,41,NO,SWITCH,1,ADULTOS MAYORES,MEDIA,690,140,86,141
TIJUANA,6,10,818,URBANO(A),42,23,45,20,56,32,69,62,NO,OPOSITOR,3,JEFAS DE HOGAR,MEDIA ALTA,711,124,55,125
TIJUANA,6,10,819,URBANO(A),57,36,65,41,95,65,73,58,NO,SWITCH,1,ADULTOS MAYORES,MEDIA ALTA,1002,167,94,168
TIJUANA,6,10,820,URBANO(A),79,45,131,36,122,76,85,82,NO,SWITCH,1,ADULTOS MAYORES,MEDIA,1210,233,148,234
TIJUANA,6,10,821,URBANO(A),80,49,87,32,107,57,106,88,NO,SWITCH,1,ADULTOS MAYORES,MEDIA ALTA,1307,232,126,233
TIJUANA,6,10,822,URBANO(A),85,57,104,26,45,50,91,82,NO,SWITCH,1,MIXTO,MEDIA,1357,254,163,255
TIJUANA,6,10,823,URBANO(A),57,43,62,26,88,57,68,53,NO,SWITCH,1,ADULTOS MAYORES,MEDIA ALTA,998,123,55,124
TIJUANA,6,10,824,URBANO(A),54,35,70,25,66,50,41,29,NO,SWITCH,1,DISCAPACITADOS,MEDIA ALTA,1101,227,186,228
TIJUANA,6,10,825,URBANO(A),59,34,71,39,93,55,63,56,NO,SWITCH,1,ADULTOS MAYORES,MEDIA ALTA,1098,280,217,281
TIJUANA,6,10,826,URBANO(A),53,44,68,30,84,49,76,60,NO,SWITCH,1,MIXTO,MEDIA,1158,253,177,254
TIJUANA,6,11,827,URBANO(A),46,51,71,45,110,67,71,69,NO,SWITCH,1,MIXTO,MEDIA,1697,413,342,414
TIJUANA,6,11,828,URBANO(A),48,39,56,26,56,49,56,49,NO,SWITCH,1,MIXTO,MEDIA ALTA,1182,256,200,257
TIJUANA,6,11,829,URBANO(A),87,64,88,56,130,86,106,80,NO,SWITCH,1,MIXTO,MEDIA,1731,368,262,369
TIJUANA,6,11,831,URBANO(A),73,64,80,26,97,50,74,66,NO,OPOSITOR,3,MIXTO,MEDIA,2588,598,524,599
TIJUANA,6,11,832,URBANO(A),74,57,72,47,112,77,81,61,NO,SWITCH,1,MIXTO,MEDIA,1862,445,364,446
TIJUANA,6,11,833,URBANO(A),68,45,64,40,99,61,67,50,NO,SWITCH,1,MIXTO,MEDIA,1327,318,251,319
TIJUANA,6,10,834,URBANO(A),70,51,66,30,93,52,62,62,NO,SWITCH,1,MIXTO,MEDIA ALTA,1695,391,329,392
TIJUANA,6,10,835,URBANO(A),52,44,68,17,45,34,30,17,NO,SWITCH,1,DISCAPACITADOS,MEDIA,707,150,120,151
TIJUANA,6,10,836,URBANO(A),39,13,46,15,59,32,57,42,NO,SWITCH,1,MIXTO,MEDIA ALTA,987,253,196,254
TIJUANA,6,10,837,URBANO(A),77,41,102,35,102,64,98,81,NO,SWITCH,1,ADULTOS MAYORES,MEDIA ALTA,1111,241,143,242
TIJUANA,6,10,838,URBANO(A),78,40,106,30,91,62,80,76,NO,SWITCH,1,ADULTOS MAYORES,MEDIA ALTA,1095,250,170,251
TIJUANA,6,10,839,URBANO(A),63,45,93,35,95,64,67,52,NO,SWITCH,1,DISCAPACITADOS,MEDIA ALTA,823,198,131,199
TIJUANA,6,10,840,URBANO(A),51,17,83,28,73,45,73,60,NO,SWITCH,1,ADULTOS MAYORES,MEDIA ALTA,1051,207,134,208
TIJUANA,6,10,841,URBANO(A),31,22,40,25,48,36,45,27,NO,SWITCH,1,MIXTO,MEDIA,820,173,128,174
TIJUANA,6,10,842,URBANO(A),68,49,59,24,71,46,56,51,NO,SWITCH,1,MIXTO,MEDIA ALTA,1303,340,284,341
TIJUANA,6,11,843,URBANO(A),131,109,147,78,205,115,132,183,NO,OPOSITOR,3,MIXTO,MEDIA,5378,1187,1055,1188
TIJUANA,6,11,844,URBANO(A),87,57,81,26,115,53,81,94,NO,OPOSITOR,3,MIXTO,MEDIA,2478,590,509,591
TIJUANA,6,10,845,URBANO(A),59,54,64,22,67,37,35,25,NO,SWITCH,1,MIXTO,MEDIA,981,272,237,273
TIJUANA,6,10,846,URBANO(A),72,70,106,23,73,53,59,44,NO,SWITCH,1,DISCAPACITADOS,MEDIA,1226,269,210,270
TIJUANA,6,10,847,URBANO(A),77,56,128,40,107,64,50,62,NO,SWITCH,1,DISCAPACITADOS,MEDIA ALTA,1244,119,69,120
TIJUANA,6,10,848,URBANO(A),49,31,80,26,78,50,67,44,NO,SWITCH,1,DISCAPACITADOS,MEDIA ALTA,1173,239,172,240
TIJUANA,6,10,849,URBANO(A),101,73,118,43,101,69,78,63,NO,SWITCH,1,DISCAPACITADOS,MEDIA ALTA,1221,229,151,230
TIJUANA,6,10,850,URBANO(A),176,135,194,109,229,192,156,118,NO,SWITCH,1,MIXTO,MEDIA,1872,415,259,416
TIJUANA,6,10,851,URBANO(A),106,90,167,50,121,90,85,63,NO,SWITCH,1,POBLACION INDIGENA,MEDIA,1806,408,323,409
TIJUANA,6,10,852,URBANO(A),69,50,412,43,86,59,54,44,NO,SWITCH,1,MIXTO,MEDIA,1734,455,401,456
TIJUANA,6,10,853,URBANO(A),67,48,63,23,102,63,100,77,NO,SWITCH,1,POBLACION INDIGENA,MEDIA ALTA,2106,510,410,511
TIJUANA,6,11,854,URBANO(A),183,147,179,68,223,107,210,158,NO,SWITCH,1,MIXTO,MEDIA,5920,1369,1159,1370
TIJUANA,6,11,855,URBANO(A),98,63,102,27,139,60,100,105,NO,SWITCH,1,MIXTO,MEDIA,3623,760,660,761
TIJUANA,6,11,856,URBANO(A),124,86,113,38,141,72,124,273,NO,OPOSITOR,3,MIXTO,MEDIA,3989,872,748,873
TIJUANA,6,11,857,URBANO(A),120,82,102,38,151,71,101,80,NO,OPOSITOR,3,POBLACION INDIGENA,MEDIA,4064,1001,900,1002
TIJUANA,6,11,859,URBANO(A),20,14,21,19,45,27,30,44,NO,SWITCH,1,DISCAPACITADOS,MEDIA,1013,194,164,195
TIJUANA,6,11,860,URBANO(A),36,35,41,13,60,32,49,39,NO,SWITCH,1,MIXTO,MEDIA,1092,259,210,260
TIJUANA,6,10,861,URBANO(A),66,49,68,26,61,0,48,53,NO,SWITCH,1,ADULTOS MAYORES,MEDIA ALTA,747,158,110,159
TIJUANA,6,10,862,URBANO(A),31,14,26,10,40,23,43,32,NO,OPOSITOR,3,MIXTO,MEDIA,551,122,79,123
TIJUANA,6,10,863,URBANO(A),42,35,50,17,54,29,46,44,NO,SWITCH,1,ADULTOS MAYORES,ALTA,534,142,96,143
TIJUANA,6,11,864,URBANO(A),32,32,36,12,31,17,31,23,NO,SWITCH,1,MIXTO,MEDIA,793,213,182,214
TIJUANA,6,10,865,URBANO(A),63,41,86,27,86,50,73,53,NO,SWITCH,1,JEFAS DE HOGAR,ALTA,657,153,80,154
TIJUANA,6,10,866,URBANO(A),29,20,35,16,35,27,47,11,NO,SWITCH,1,ADULTOS MAYORES,MEDIA ALTA,637,111,64,112
TIJUANA,6,10,867,URBANO(A),27,18,50,14,21,13,32,27,NO,SWITCH,1,MIXTO,MEDIA ALTA,858,115,83,116
TIJUANA,6,10,868,URBANO(A),33,19,34,14,47,34,44,43,NO,OPOSITOR,3,POBLACION INDIGENA,MEDIA BAJA,1154,211,167,212
TIJUANA,6,9,869,URBANO(A),32,11,26,21,49,33,40,38,NO,SWITCH,1,ADULTOS MAYORES,MEDIA ALTA,417,70,30,71
TIJUANA,5,9,870,URBANO(A),75,27,57,65,196,141,163,186,SI,SWITCH,1,JEFAS DE HOGAR,MEDIA ALTA,1128,130,-33,131
TIJUANA,5,9,871,URBANO(A),79,50,77,40,130,84,88,94,SI,SWITCH,1,JEFAS DE HOGAR,ALTA,725,127,39,128
TIJUANA,5,9,872,URBANO(A),85,53,90,39,111,77,94,104,SI,SWITCH,1,ADULTOS MAYORES,MEDIA ALTA,895,122,28,123
TIJUANA,6,10,873,URBANO(A),23,19,18,14,44,26,34,34,NO,OPOSITOR,3,POBLACION INDIGENA,MEDIA,739,118,84,119
TIJUANA,6,10,874,URBANO(A),44,21,34,15,68,36,44,47,NO,OPOSITOR,3,POBLACION INDIGENA,MEDIA,1109,198,154,199
TIJUANA,6,10,875,URBANO(A),33,17,38,20,50,32,50,38,NO,OPOSITOR,3,ADULTOS,MEDIA,648,107,57,108
TIJUANA,6,10,876,URBANO(A),35,19,32,15,54,35,38,49,NO,SWITCH,1,ADULTOS MAYORES,MEDIA ALTA,585,91,53,92
TIJUANA,6,10,877,URBANO(A),87,25,32,55,128,111,73,59,NO,SWITCH,1,POBLACION INDIGENA,MEDIA,416,95,22,96
TIJUANA,6,10,878,URBANO(A),45,25,48,20,66,48,67,70,NO,SWITCH,1,ADULTOS,MEDIA,518,109,42,110
TIJUANA,6,10,879,URBANO(A),25,20,17,20,40,31,44,56,NO,SWITCH,1,ADULTOS MAYORES,MEDIA,310,44,0,45
TIJUANA,5,10,880,URBANO(A),69,33,62,50,121,68,104,113,SI,SWITCH,1,POBLACION INDIGENA,MEDIA ALTA,733,101,-3,102
TIJUANA,5,9,881,URBANO(A),94,70,88,124,269,142,172,238,SI,SWITCH,1,JEFAS DE HOGAR,ALTA,987,90,-82,91
TIJUANA,5,9,882,URBANO(A),127,53,107,81,246,181,206,237,SI,LEAL,2,ADULTOS,ALTA,1058,139,-67,140
TIJUANA,5,9,883,URBANO(A),75,39,77,52,147,75,144,133,SI,SWITCH,1,JEFAS DE HOGAR,ALTA,754,111,-33,112
TIJUANA,5,9,884,URBANO(A),332,98,216,285,648,388,541,657,SI,LEAL,2,JEFAS DE HOGAR,ALTA,1929,146,-395,147
TIJUANA,5,10,885,URBANO(A),102,48,84,95,198,132,173,203,SI,LEAL,2,ADULTOS MAYORES,ALTA,653,61,-112,62
TIJUANA,5,10,886,URBANO(A),113,44,77,80,213,129,178,217,SI,SWITCH,1,ADULTOS MAYORES,ALTA,1064,119,-59,120
TIJUANA,5,10,887,URBANO(A),107,48,85,49,157,100,142,159,SI,SWITCH,1,ADULTOS MAYORES,MEDIA ALTA,665,67,-75,68
TIJUANA,6,10,888,URBANO(A),107,32,83,77,174,142,153,175,NO,SWITCH,1,ADULTOS MAYORES,ALTA,645,59,-94,60
TIJUANA,6,10,889,URBANO(A),107,26,58,47,132,98,104,122,NO,SWITCH,1,ADULTOS,ALTA,565,58,-46,59
TIJUANA,6,10,890,URBANO(A),74,33,52,97,97,127,110,111,NO,LEAL,2,ADULTOS,MEDIA,490,43,-67,44
TIJUANA,6,10,891,URBANO(A),127,67,81,100,146,98,84,130,NO,SWITCH,1,MIXTO,MEDIA,625,174,90,175
TIJUANA,6,10,892,URBANO(A),46,25,58,17,49,24,48,47,NO,SWITCH,1,DISCAPACITADOS,MEDIA,592,114,66,115
TIJUANA,6,10,893,URBANO(A),46,17,51,24,64,39,63,47,NO,SWITCH,1,MIXTO,MEDIA,834,149,86,150
TIJUANA,6,10,894,URBANO(A),69,45,98,31,97,28,90,71,NO,SWITCH,1,POBLACION INDIGENA,MEDIA ALTA,1301,241,151,242
TIJUANA,6,10,895,URBANO(A),52,32,67,23,74,45,62,53,NO,SWITCH,1,MIXTO,MEDIA,992,176,114,177
TIJUANA,6,10,896,URBANO(A),53,36,58,21,77,50,58,52,NO,SWITCH,1,POBLACION INDIGENA,MEDIA,872,204,146,205
TIJUANA,6,10,897,URBANO(A),102,49,84,68,186,142,156,171,NO,SWITCH,1,POBLACION INDIGENA,MEDIA ALTA,972,117,-39,118
TIJUANA,6,10,898,URBANO(A),158,63,124,152,311,230,259,300,NO,LEAL,2,ADULTOS,ALTA,1351,144,-115,145
TIJUANA,6,10,899,URBANO(A),61,31,45,47,119,94,122,138,NO,LEAL,2,JEFAS DE HOGAR,ALTA,517,74,-48,75
TIJUANA,5,10,900,URBANO(A),65,33,53,45,138,80,125,115,SI,SWITCH,1,ADULTOS MAYORES,MEDIA ALTA,1213,170,45,171
TIJUANA,5,10,901,URBANO(A),226,80,173,190,427,296,381,466,SI,LEAL,2,ADULTOS MAYORES,ALTA,1867,230,-151,231
TIJUANA,6,10,902,URBANO(A),241,66,167,203,508,384,377,436,NO,LEAL,2,ADULTOS MAYORES,ALTA,1389,140,-237,141
TIJUANA,6,10,903,URBANO(A),217,83,180,192,404,322,285,230,NO,LEAL,2,POBLACION INDIGENA,ALTA,1560,199,-86,200
TIJUANA,6,10,904,URBANO(A),43,27,65,31,85,58,66,65,NO,SWITCH,1,ADULTOS MAYORES,MEDIA ALTA,971,171,105,172
TIJUANA,6,10,905,URBANO(A),20,14,26,10,32,26,36,32,NO,SWITCH,1,JOVENES,MEDIA ALTA,544,121,85,122
TIJUANA,6,10,906,URBANO(A),40,35,58,13,30,25,33,17,NO,SWITCH,1,MIXTO,MEDIA,553,122,89,123
TIJUANA,6,10,907,URBANO(A),47,34,61,13,43,22,46,32,NO,SWITCH,1,JEFAS DE HOGAR,MEDIA ALTA,556,87,41,88
TIJUANA,6,10,908,URBANO(A),43,26,76,15,48,27,52,32,NO,SWITCH,1,ADULTOS MAYORES,MEDIA ALTA,870,188,136,189
TIJUANA,6,10,909,URBANO(A),48,38,54,16,39,32,50,41,NO,SWITCH,1,ADULTOS MAYORES,MEDIA ALTA,388,80,30,81
TIJUANA,6,10,910,URBANO(A),50,29,64,21,64,46,43,37,NO,SWITCH,1,ADULTOS MAYORES,MEDIA ALTA,974,188,145,189
TIJUANA,6,10,911,URBANO(A),53,33,83,33,34,20,56,36,NO,SWITCH,1,ADULTOS MAYORES,MEDIA ALTA,1162,209,153,210
TIJUANA,6,10,912,URBANO(A),48,33,46,14,46,32,46,30,NO,SWITCH,1,ADULTOS MAYORES,MEDIA ALTA,875,169,123,170
TIJUANA,6,10,913,URBANO(A),74,53,86,31,71,50,43,0,NO,SWITCH,1,ADULTOS MAYORES,MEDIA ALTA,699,144,101,145
TIJUANA,6,10,914,URBANO(A),41,30,68,18,52,39,70,52,NO,SWITCH,1,ADULTOS MAYORES,MEDIA ALTA,773,143,73,144
TIJUANA,6,10,915,URBANO(A),39,16,42,6,35,21,37,28,NO,SWITCH,1,POBLACION INDIGENA,MEDIA,503,109,72,110
TIJUANA,6,10,916,URBANO(A),103,40,96,60,162,131,151,148,NO,SWITCH,1,ADULTOS MAYORES,ALTA,862,114,-37,115
TIJUANA,6,10,917,URBANO(A),66,48,88,43,78,57,54,56,NO,SWITCH,1,ADULTOS MAYORES,MEDIA ALTA,1049,194,140,195
TIJUANA,6,10,918,URBANO(A),23,15,39,10,44,28,0,23,NO,SWITCH,1,MIXTO,MEDIA,597,0,0,1
TIJUANA,6,10,919,URBANO(A),78,47,105,52,108,77,111,104,NO,SWITCH,1,MIXTO,MEDIA ALTA,1264,231,120,232
TIJUANA,6,10,920,URBANO(A),41,26,52,26,47,31,50,40,NO,SWITCH,1,POBLACION INDIGENA,MEDIA ALTA,820,176,126,177
TIJUANA,6,10,921,URBANO(A),34,18,46,20,49,34,31,26,NO,SWITCH,1,POBLACION INDIGENA,MEDIA,503,112,81,113
TIJUANA,6,10,922,URBANO(A),47,40,83,29,88,64,68,48,NO,SWITCH,1,DISCAPACITADOS,MEDIA ALTA,1083,217,149,218
TIJUANA,6,10,923,URBANO(A),51,27,38,20,77,43,40,34,NO,SWITCH,1,ADULTOS MAYORES,MEDIA ALTA,886,182,142,183
TIJUANA,6,10,924,URBANO(A),77,58,91,35,84,57,63,49,NO,SWITCH,1,DISCAPACITADOS,MEDIA ALTA,921,226,163,227
TIJUANA,6,10,925,URBANO(A),77,37,71,36,127,79,112,110,NO,SWITCH,1,ADULTOS MAYORES,MEDIA ALTA,1113,210,98,211
TIJUANA,6,10,926,URBANO(A),338,131,268,208,616,444,534,455,NO,SWITCH,1,MIXTO,ALTA,2828,382,-152,383
TIJUANA,5,10,927,URBANO(A),94,55,83,66,151,102,108,116,SI,SWITCH,1,MIXTO,MEDIA ALTA,1672,328,220,329
TIJUANA,5,9,929,URBANO(A),122,32,73,85,216,121,175,153,SI,SWITCH,1,JEFAS DE HOGAR,ALTA,573,47,-128,48
TIJUANA,5,9,930,URBANO(A),318,111,289,300,759,435,565,689,SI,LEAL,2,ADULTOS MAYORES,ALTA,1837,148,-417,149
TIJUANA,5,9,931,URBANO(A),226,83,130,151,372,239,324,352,SI,LEAL,2,ADULTOS MAYORES,ALTA,1210,109,-215,110
TIJUANA,5,9,932,URBANO(A),68,24,60,70,149,102,120,131,SI,LEAL,2,JEFAS DE HOGAR,ALTA,457,46,-74,47
TIJUANA,5,9,933,URBANO(A),73,35,70,48,104,68,98,43,SI,SWITCH,1,POBLACION INDIGENA,ALTA,904,149,51,150
TIJUANA,5,9,934,URBANO(A),87,28,77,41,146,90,139,82,SI,SWITCH,1,JEFAS DE HOGAR,ALTA,921,131,-8,132
TIJUANA,5,9,935,URBANO(A),111,48,98,62,179,116,173,172,SI,SWITCH,1,DISCAPACITADOS,ALTA,1427,260,87,261
TIJUANA,5,9,936,URBANO(A),91,44,90,44,132,84,137,152,SI,SWITCH,1,JEFAS DE HOGAR,ALTA,869,235,98,236
TIJUANA,5,9,937,URBANO(A),84,26,87,37,136,85,145,140,SI,SWITCH,1,ADULTOS MAYORES,ALTA,828,175,30,176
TIJUANA,5,9,938,URBANO(A),51,25,53,25,89,53,73,73,SI,SWITCH,1,ADULTOS MAYORES,ALTA,557,95,22,96
TIJUANA,5,9,939,URBANO(A),124,63,122,59,179,135,156,187,SI,LEAL,2,ADULTOS MAYORES,ALTA,848,135,-21,136
TIJUANA,5,9,940,URBANO(A),236,104,207,144,356,244,297,327,SI,LEAL,2,ADULTOS MAYORES,ALTA,1150,133,-164,134
TIJUANA,5,9,941,URBANO(A),169,50,115,122,150,176,222,240,SI,LEAL,2,ADULTOS MAYORES,ALTA,756,66,-156,67
TIJUANA,5,10,942,URBANO(A),331,107,269,228,591,355,497,578,SI,LEAL,2,ADULTOS MAYORES,ALTA,1879,199,-298,200
TIJUANA,5,10,943,URBANO(A),78,50,67,34,114,71,130,78,SI,SWITCH,1,MIXTO,MEDIA,1505,354,224,355
TIJUANA,6,10,944,URBANO(A),31,20,27,13,36,22,30,27,NO,SWITCH,1,MIXTO,MEDIA ALTA,606,113,83,114
TIJUANA,6,10,945,URBANO(A),24,23,24,11,37,20,24,15,NO,SWITCH,1,ADULTOS MAYORES,MEDIA ALTA,543,162,138,163
TIJUANA,6,10,946,URBANO(A),17,15,17,11,32,21,28,19,NO,OPOSITOR,3,JEFAS DE HOGAR,MEDIA ALTA,479,95,67,96
TIJUANA,6,10,947,URBANO(A),85,46,93,48,120,97,114,121,NO,SWITCH,1,ADULTOS MAYORES,ALTA,1251,251,137,252
TIJUANA,6,10,948,URBANO(A),68,51,90,34,85,67,64,51,NO,SWITCH,1,DISCAPACITADOS,MEDIA ALTA,1004,228,164,229
TIJUANA,6,10,949,URBANO(A),34,24,42,11,33,24,26,18,NO,SWITCH,1,MIXTO,MEDIA ALTA,557,114,88,115
TIJUANA,6,10,950,URBANO(A),61,42,101,29,67,57,68,47,NO,SWITCH,1,POBLACION INDIGENA,MEDIA ALTA,1319,312,244,313
TIJUANA,6,10,951,URBANO(A),35,29,63,24,48,39,40,22,NO,OPOSITOR,3,POBLACION INDIGENA,MEDIA BAJA,1327,332,292,333
TIJUANA,6,10,952,URBANO(A),92,65,130,18,91,64,66,44,NO,SWITCH,1,POBLACION INDIGENA,MEDIA,2326,608,542,609
TIJUANA,6,10,953,URBANO(A),46,33,59,25,93,58,63,56,NO,SWITCH,1,MIXTO,MEDIA ALTA,1149,239,176,240
TIJUANA,6,10,954,URBANO(A),91,38,102,42,158,87,146,129,NO,SWITCH,1,ADULTOS MAYORES,ALTA,1569,255,109,256
TIJUANA,6,10,955,URBANO(A),17,14,31,11,37,32,27,31,NO,OPOSITOR,3,MIXTO,MEDIA,769,200,173,201
TIJUANA,6,10,956,URBANO(A),44,38,47,16,63,33,37,28,NO,SWITCH,1,POBLACION INDIGENA,MEDIA,1174,266,229,267
TIJUANA,5,10,957,URBANO(A),204,86,171,139,351,200,330,381,SI,SWITCH,1,POBLACION INDIGENA,MEDIA ALTA,1761,280,-50,281
TIJUANA,5,9,958,URBANO(A),182,85,185,122,189,220,306,335,SI,SWITCH,1,ADULTOS MAYORES,ALTA,1433,220,-86,221
TIJUANA,5,9,959,URBANO(A),132,64,141,99,275,175,262,260,SI,LEAL,2,JEFAS DE HOGAR,ALTA,882,120,-142,121
TIJUANA,5,9,960,URBANO(A),181,68,169,141,321,210,257,269,SI,LEAL,2,ADULTOS MAYORES,ALTA,1244,161,-96,162
TIJUANA,5,9,961,URBANO(A),186,76,176,102,326,206,252,299,SI,LEAL,2,ADULTOS MAYORES,ALTA,1296,192,-60,193
TIJUANA,5,9,962,URBANO(A),144,59,172,92,246,162,201,203,SI,SWITCH,1,ADULTOS MAYORES,ALTA,1302,181,-20,182
TIJUANA,5,9,963,URBANO(A),34,19,42,22,74,45,75,67,SI,SWITCH,1,ADULTOS MAYORES,MEDIA ALTA,663,104,29,105
TIJUANA,5,9,964,URBANO(A),90,50,74,66,167,124,116,121,SI,SWITCH,1,POBLACION INDIGENA,MEDIA ALTA,1010,202,86,203
TIJUANA,5,9,965,URBANO(A),64,36,70,50,129,98,119,119,SI,SWITCH,1,ADULTOS MAYORES,MEDIA ALTA,997,183,64,184
TIJUANA,5,12,966,URBANO(A),106,50,89,53,181,119,150,148,SI,SWITCH,1,ADULTOS MAYORES,ALTA,1355,247,97,248
TIJUANA,5,12,967,URBANO(A),57,29,47,25,81,67,82,84,SI,SWITCH,1,POBLACION INDIGENA,MEDIA ALTA,563,99,17,100
TIJUANA,5,12,968,URBANO(A),282,92,135,121,332,252,257,298,SI,SWITCH,1,ADULTOS MAYORES,ALTA,1098,174,-83,175
TIJUANA,5,12,969,URBANO(A),43,31,46,44,77,52,68,63,SI,SWITCH,1,POBLACION INDIGENA,MEDIA ALTA,815,158,90,159
TIJUANA,5,9,970,URBANO(A),88,45,97,52,137,90,114,119,SI,SWITCH,1,ADULTOS MAYORES,ALTA,911,140,26,141
TIJUANA,5,9,971,URBANO(A),118,45,112,79,235,156,237,227,SI,SWITCH,1,MIXTO,ALTA,1429,216,-21,217
TIJUANA,5,9,972,URBANO(A),356,142,339,255,693,457,672,718,SI,SWITCH,1,MIXTO,ALTA,3672,489,-183,490
TIJUANA,5,9,973,URBANO(A),561,199,480,342,986,615,973,1035,SI,SWITCH,1,MIXTO,ALTA,4547,606,-367,607
TIJUANA,5,9,974,URBANO(A),227,79,173,176,422,265,374,422,SI,LEAL,2,ADULTOS MAYORES,ALTA,1283,147,-227,148
TIJUANA,5,9,975,URBANO(A),187,66,155,126,339,243,310,306,SI,LEAL,2,MIXTO,ALTA,1263,149,-161,150
TIJUANA,5,10,976,URBANO(A),166,76,157,98,285,167,257,296,SI,SWITCH,1,MIXTO,MEDIA ALTA,2681,493,236,494
TIJUANA,6,10,977,URBANO(A),84,63,70,54,166,94,144,141,NO,SWITCH,1,MIXTO,MEDIA ALTA,2381,492,348,493
TIJUANA,6,10,978,URBANO(A),65,32,56,28,108,70,75,55,NO,SWITCH,1,MIXTO,MEDIA,2130,453,378,454
TIJUANA,6,10,979,URBANO(A),79,44,112,30,124,69,85,64,NO,SWITCH,1,MIXTO,MEDIA ALTA,2197,501,416,502
TIJUANA,6,10,980,URBANO(A),73,72,118,54,146,98,131,125,NO,SWITCH,1,DISCAPACITADOS,MEDIA ALTA,1133,213,82,214
TIJUANA,6,10,981,URBANO(A),101,48,102,46,142,108,135,131,NO,SWITCH,1,MIXTO,ALTA,1483,283,148,284
TIJUANA,6,10,982,URBANO(A),48,36,66,17,52,37,50,46,NO,SWITCH,1,MIXTO,MEDIA ALTA,1001,232,182,233
TIJUANA,6,10,983,URBANO(A),94,61,130,29,104,81,63,51,NO,SWITCH,1,ADULTOS MAYORES,MEDIA ALTA,1263,312,249,313
TIJUANA,6,10,984,URBANO(A),50,33,83,10,52,33,38,29,NO,SWITCH,1,MIXTO,MEDIA ALTA,878,227,189,228
TIJUANA,6,10,985,URBANO(A),77,52,103,31,96,72,64,52,NO,SWITCH,1,MIXTO,MEDIA ALTA,1108,249,185,250
TIJUANA,6,10,986,URBANO(A),24,17,31,13,54,26,34,25,NO,OPOSITOR,3,MIXTO,MEDIA ALTA,919,221,187,222
TIJUANA,6,10,987,URBANO(A),53,43,70,27,80,60,66,55,NO,OPOSITOR,3,MIXTO,MEDIA ALTA,1218,275,209,276
TIJUANA,6,10,988,URBANO(A),104,77,141,51,154,135,132,95,NO,SWITCH,1,POBLACION INDIGENA,MEDIA ALTA,1802,380,248,381
TIJUANA,6,10,989,URBANO(A),68,44,73,38,94,70,82,79,NO,SWITCH,1,ADULTOS MAYORES,ALTA,1048,211,129,212
TIJUANA,6,10,990,URBANO(A),100,60,110,54,156,118,126,121,NO,SWITCH,1,ADULTOS MAYORES,MEDIA ALTA,1397,305,179,306
TIJUANA,6,10,991,URBANO(A),50,32,57,38,101,79,75,84,NO,SWITCH,1,ADULTOS MAYORES,ALTA,741,141,66,142
TIJUANA,6,10,992,URBANO(A),31,26,41,18,58,51,30,33,NO,SWITCH,1,DISCAPACITADOS,MEDIA ALTA,759,179,149,180
TIJUANA,6,10,993,URBANO(A),139,93,151,82,215,174,181,181,NO,SWITCH,1,ADULTOS MAYORES,ALTA,1839,342,161,343
TIJUANA,6,10,994,URBANO(A),91,44,120,35,129,78,121,103,NO,SWITCH,1,MIXTO,ALTA,1705,336,215,337
TIJUANA,6,10,995,URBANO(A),58,33,71,17,98,72,60,57,NO,SWITCH,1,ADULTOS MAYORES,MEDIA ALTA,1107,358,298,359
TIJUANA,6,10,996,URBANO(A),77,52,74,25,86,52,55,45,NO,SWITCH,1,MIXTO,MEDIA,1418,370,315,371
TIJUANA,6,10,997,URBANO(A),18,8,17,9,20,15,20,34,NO,SWITCH,1,POBLACION INDIGENA,MEDIA ALTA,541,73,53,74
TIJUANA,6,10,998,URBANO(A),47,29,41,21,59,29,42,22,NO,SWITCH,1,POBLACION INDIGENA,MEDIA,1293,368,326,369
TIJUANA,8,10,999,URBANO(A),142,83,154,75,194,160,196,238,NO,SWITCH,1,MIXTO,MEDIA,2516,493,297,494
TIJUANA,5,12,1000,URBANO(A),54,32,45,21,70,26,62,65,SI,SWITCH,1,MIXTO,MEDIA ALTA,1072,229,167,230
TIJUANA,5,12,1001,URBANO(A),78,49,73,35,114,71,92,60,SI,SWITCH,1,MIXTO,MEDIA ALTA,1715,387,295,388
TIJUANA,8,12,1002,URBANO(A),207,78,126,67,202,89,182,163,NO,SWITCH,1,ADULTOS MAYORES,ALTA,1170,225,43,226
TIJUANA,8,12,1003,URBANO(A),132,71,138,58,192,120,188,169,NO,SWITCH,1,ADULTOS MAYORES,ALTA,1213,208,20,209
TIJUANA,8,12,1004,URBANO(A),67,23,65,59,165,108,155,142,NO,SWITCH,1,ADULTOS MAYORES,ALTA,959,177,22,178
TIJUANA,8,13,1005,URBANO(A),104,60,95,66,179,121,198,205,NO,SWITCH,1,MIXTO,ALTA,1551,283,85,284
TIJUANA,8,13,1006,URBANO(A),40,32,36,33,82,57,63,60,NO,SWITCH,1,MIXTO,MEDIA ALTA,901,153,90,154
TIJUANA,8,13,1007,URBANO(A),65,34,61,32,100,71,103,100,NO,SWITCH,1,ADULTOS MAYORES,MEDIA ALTA,1020,202,99,203
TIJUANA,8,13,1008,URBANO(A),62,34,68,44,101,70,85,96,NO,SWITCH,1,ADULTOS MAYORES,MEDIA ALTA,687,39,-46,40
TIJUANA,8,13,1009,URBANO(A),82,36,68,54,144,99,133,146,NO,SWITCH,1,ADULTOS MAYORES,ALTA,1055,194,61,195
TIJUANA,8,13,1010,URBANO(A),30,16,28,14,53,37,57,55,NO,SWITCH,1,ADULTOS MAYORES,MEDIA ALTA,645,129,72,130
TIJUANA,8,13,1011,URBANO(A),67,45,62,30,78,54,89,60,NO,OPOSITOR,3,POBLACION INDIGENA,MEDIA,2029,490,401,491
TIJUANA,8,12,1012,URBANO(A),43,14,39,24,108,54,96,73,NO,SWITCH,1,ADULTOS MAYORES,MEDIA ALTA,814,176,80,177
TIJUANA,8,12,1013,URBANO(A),111,53,102,80,198,143,183,181,NO,SWITCH,1,MIXTO,ALTA,1630,326,143,327
TIJUANA,5,9,1014,URBANO(A),61,41,74,46,102,71,101,101,SI,SWITCH,1,ADULTOS MAYORES,ALTA,926,175,74,176
TIJUANA,5,9,1015,URBANO(A),138,47,129,72,191,114,191,169,SI,SWITCH,1,ADULTOS MAYORES,ALTA,975,161,-30,162
TIJUANA,5,10,1016,URBANO(A),308,81,176,242,493,299,432,494,SI,LEAL,2,POBLACION INDIGENA,ALTA,1326,86,-346,87
TIJUANA,6,10,1017,URBANO(A),50,30,70,20,51,30,63,54,NO,SWITCH,1,POBLACION INDIGENA,MEDIA,819,156,93,157
TIJUANA,6,10,1018,URBANO(A),46,33,54,27,68,45,42,26,NO,SWITCH,1,MIXTO,MEDIA ALTA,842,188,146,189
TIJUANA,5,9,1019,URBANO(A),88,41,85,42,113,89,100,108,SI,LEAL,2,ADULTOS MAYORES,ALTA,476,61,-39,62
TIJUANA,5,9,1020,URBANO(A),68,32,67,48,140,98,62,129,SI,SWITCH,1,ADULTOS MAYORES,ALTA,783,67,5,68
TIJUANA,5,9,1021,URBANO(A),88,27,79,40,127,85,130,117,SI,SWITCH,1,ADULTOS MAYORES,ALTA,619,67,-63,68
TIJUANA,5,9,1022,URBANO(A),72,41,81,53,192,87,11,117,SI,SWITCH,1,ADULTOS MAYORES,ALTA,661,90,79,91
TIJUANA,6,10,1023,URBANO(A),53,28,67,20,62,40,39,37,NO,SWITCH,1,DISCAPACITADOS,MEDIA ALTA,687,151,112,152
TIJUANA,6,10,1024,URBANO(A),64,35,56,21,84,50,66,50,NO,SWITCH,1,MIXTO,MEDIA,1067,243,177,244
TIJUANA,5,9,1025,URBANO(A),48,28,62,22,77,52,59,60,SI,SWITCH,1,ADULTOS MAYORES,ALTA,731,122,63,123
TIJUANA,6,10,1026,URBANO(A),51,35,48,12,38,21,42,23,NO,SWITCH,1,MIXTO,MEDIA,921,201,159,202
TIJUANA,6,10,1027,URBANO(A),49,35,59,14,66,43,50,43,NO,SWITCH,1,MIXTO,MEDIA ALTA,791,175,125,176
TIJUANA,6,10,1028,URBANO(A),63,47,73,26,57,51,52,39,NO,SWITCH,1,MIXTO,ALTA,852,193,141,194
TIJUANA,6,10,1029,URBANO(A),46,30,55,14,54,46,48,39,NO,SWITCH,1,MIXTO,MEDIA ALTA,824,155,107,156
TIJUANA,8,10,1030,URBANO(A),147,78,149,67,252,145,215,220,NO,SWITCH,1,MIXTO,MEDIA ALTA,2348,499,284,500
TIJUANA,5,12,1031,URBANO(A),140,78,109,63,223,123,186,145,SI,SWITCH,1,MIXTO,MEDIA ALTA,3321,806,620,807
TIJUANA,8,12,1032,URBANO(A),56,23,49,36,92,55,92,85,NO,SWITCH,1,ADULTOS MAYORES,MEDIA ALTA,710,132,40,133
TIJUANA,8,13,1033,URBANO(A),75,51,94,55,127,97,138,154,NO,SWITCH,1,ADULTOS MAYORES,ALTA,1097,218,80,219
TIJUANA,8,12,1034,URBANO(A),58,35,52,28,92,66,103,65,NO,OPOSITOR,3,MIXTO,MEDIA ALTA,2076,533,430,534
TIJUANA,8,12,1035,URBANO(A),75,33,73,48,127,93,98,77,NO,SWITCH,1,ADULTOS MAYORES,ALTA,783,179,81,180
TIJUANA,8,12,1036,URBANO(A),35,17,28,14,56,26,46,30,NO,SWITCH,1,MIXTO,ALTA,860,170,124,171
TIJUANA,8,12,1037,URBANO(A),44,25,34,22,74,36,58,38,NO,SWITCH,1,MIXTO,ALTA,970,264,206,265
TIJUANA,5,9,1038,URBANO(A),32,23,33,24,53,33,52,53,SI,SWITCH,1,JOVENES,MEDIA,947,173,121,174
TIJUANA,5,9,1039,URBANO(A),64,44,69,31,86,48,68,56,SI,SWITCH,1,ADULTOS MAYORES,MEDIA,1389,292,224,293
TIJUANA,5,9,1040,URBANO(A),67,51,69,25,78,48,64,45,SI,SWITCH,1,ADULTOS MAYORES,MEDIA,1345,220,156,221
TIJUANA,5,9,1041,URBANO(A),56,37,54,24,61,41,66,46,SI,SWITCH,1,ADULTOS MAYORES,MEDIA,1086,226,160,227
TIJUANA,5,9,1042,URBANO(A),92,66,103,54,131,82,99,83,SI,SWITCH,1,ADULTOS MAYORES,MEDIA ALTA,1290,241,142,242
TIJUANA,5,9,1043,URBANO(A),76,47,73,36,120,71,108,97,SI,SWITCH,1,JEFAS DE HOGAR,MEDIA ALTA,1296,254,146,255
TIJUANA,5,9,1045,URBANO(A),111,56,97,64,184,139,195,167,SI,SWITCH,1,ADULTOS MAYORES,ALTA,1525,282,87,283
TIJUANA,5,9,1046,URBANO(A),52,33,47,23,71,48,44,35,SI,SWITCH,1,JEFAS DE HOGAR,MEDIA,902,222,178,223
TIJUANA,5,8,1047,URBANO(A),89,66,92,37,105,75,76,75,SI,SWITCH,1,POBLACION INDIGENA,MEDIA ALTA,1796,406,330,407
TIJUANA,5,8,1048,URBANO(A),95,78,107,37,85,60,85,57,SI,SWITCH,1,POBLACION INDIGENA,MEDIA,2309,510,425,511
TIJUANA,5,8,1051,URBANO(A),80,64,84,34,76,63,60,52,SI,SWITCH,1,POBLACION INDIGENA,MEDIA,1137,272,212,273
TIJUANA,5,9,1052,URBANO(A),81,42,89,56,137,76,118,108,SI,SWITCH,1,POBLACION INDIGENA,MEDIA ALTA,2122,432,314,433
TIJUANA,5,9,1053,URBANO(A),65,53,67,7,54,24,69,58,SI,OPOSITOR,3,POBLACION INDIGENA,MEDIA,1343,301,232,302
TIJUANA,5,9,1054,URBANO(A),58,37,54,17,60,32,39,38,SI,OPOSITOR,3,POBLACION INDIGENA,MEDIA,1628,231,192,232
TIJUANA,5,9,1055,URBANO(A),42,28,41,20,49,32,31,48,SI,SWITCH,1,MIXTO,MEDIA,1043,113,82,114
TIJUANA,5,9,1056,URBANO(A),121,24,105,65,157,104,147,146,SI,SWITCH,1,ADULTOS MAYORES,ALTA,1069,170,23,171
TIJUANA,5,9,1057,URBANO(A),52,32,44,32,75,39,76,68,SI,SWITCH,1,ADULTOS MAYORES,MEDIA ALTA,1119,224,148,225
TIJUANA,5,9,1058,URBANO(A),91,43,82,28,125,71,88,87,SI,SWITCH,1,ADULTOS MAYORES,MEDIA ALTA,1352,223,135,224
TIJUANA,5,9,1059,URBANO(A),57,39,49,32,81,54,75,62,SI,SWITCH,1,MIXTO,MEDIA ALTA,1224,206,131,207
TIJUANA,5,9,1060,URBANO(A),61,48,44,39,106,65,94,82,SI,SWITCH,1,ADULTOS MAYORES,MEDIA ALTA,1207,215,121,216
TIJUANA,5,9,1061,URBANO(A),49,32,47,24,63,38,65,54,SI,SWITCH,1,ADULTOS MAYORES,MEDIA ALTA,836,149,84,150
TIJUANA,5,9,1062,URBANO(A),76,54,77,35,104,67,80,76,SI,SWITCH,1,MIXTO,MEDIA ALTA,1064,175,95,176
TIJUANA,5,9,1063,URBANO(A),66,40,67,29,91,67,43,69,SI,SWITCH,1,ADULTOS MAYORES,MEDIA ALTA,896,77,34,78
TIJUANA,5,9,1064,URBANO(A),43,19,42,29,67,41,30,58,SI,SWITCH,1,MIXTO,MEDIA,930,81,51,82
TIJUANA,5,9,1065,URBANO(A),49,24,51,34,77,57,68,67,SI,SWITCH,1,ADULTOS MAYORES,MEDIA,908,160,92,161
TIJUANA,5,9,1066,URBANO(A),75,45,66,35,92,54,107,90,SI,SWITCH,1,ADULTOS MAYORES,MEDIA,951,151,44,152
TIJUANA,5,9,1067,URBANO(A),57,36,54,25,72,43,62,52,SI,SWITCH,1,ADULTOS MAYORES,MEDIA,849,148,86,149
TIJUANA,5,9,1068,URBANO(A),24,23,32,11,21,15,31,22,SI,OPOSITOR,3,DISCAPACITADOS,MEDIA,713,139,108,140
TIJUANA,5,9,1069,URBANO(A),54,36,364,17,30,41,56,47,SI,OPOSITOR,3,DISCAPACITADOS,MEDIA,1068,234,178,235
TIJUANA,5,9,1070,URBANO(A),98,78,98,38,97,47,83,72,SI,SWITCH,1,DISCAPACITADOS,MEDIA,1836,453,370,454
TIJUANA,5,9,1071,URBANO(A),67,47,68,27,82,46,63,37,SI,OPOSITOR,3,POBLACION INDIGENA,MEDIA,1690,380,317,381
TIJUANA,5,9,1072,URBANO(A),53,42,57,28,70,46,82,77,SI,SWITCH,1,POBLACION INDIGENA,MEDIA ALTA,1247,274,192,275
TIJUANA,5,8,1073,URBANO(A),33,23,33,18,60,33,38,30,SI,SWITCH,1,POBLACION INDIGENA,MEDIA,1232,263,225,264
TIJUANA,5,8,1074,URBANO(A),81,55,90,39,84,63,76,68,SI,SWITCH,1,MIXTO,MEDIA,1153,238,162,239
TIJUANA,5,9,1075,URBANO(A),57,44,50,38,98,65,81,68,SI,SWITCH,1,MIXTO,MEDIA ALTA,1431,297,216,298
TIJUANA,5,9,1076,URBANO(A),238,99,237,166,499,328,303,329,SI,SWITCH,1,MIXTO,ALTA,3099,646,343,647
TIJUANA,5,9,1077,URBANO(A),201,93,172,115,319,202,283,284,SI,SWITCH,1,ADULTOS MAYORES,ALTA,1659,288,5,289
TIJUANA,5,9,1078,URBANO(A),94,51,100,44,159,88,160,138,SI,SWITCH,1,ADULTOS MAYORES,MEDIA ALTA,1819,331,171,332
TIJUANA,5,9,1079,URBANO(A),68,39,74,45,121,88,95,86,SI,SWITCH,1,ADULTOS MAYORES,MEDIA ALTA,1108,261,166,262
TIJUANA,5,9,1080,URBANO(A),37,25,36,24,76,43,60,52,SI,SWITCH,1,ADULTOS MAYORES,MEDIA ALTA,1053,188,128,189
TIJUANA,5,9,1081,URBANO(A),50,21,42,21,63,36,79,70,SI,OPOSITOR,3,DISCAPACITADOS,MEDIA ALTA,1190,222,143,223
TIJUANA,5,9,1082,URBANO(A),47,21,41,22,71,41,49,50,SI,OPOSITOR,3,DISCAPACITADOS,MEDIA ALTA,930,151,102,152
TIJUANA,5,9,1083,URBANO(A),68,49,69,12,68,37,55,43,SI,SWITCH,1,DISCAPACITADOS,MEDIA,1290,248,193,249
TIJUANA,5,9,1084,URBANO(A),44,25,37,17,60,33,61,56,SI,SWITCH,1,ADULTOS MAYORES,MEDIA ALTA,945,167,106,168
TIJUANA,5,9,1085,URBANO(A),64,33,62,38,121,80,121,123,SI,SWITCH,1,ADULTOS MAYORES,MEDIA ALTA,1163,168,47,169
TIJUANA,5,9,1086,URBANO(A),105,35,91,72,178,120,198,190,SI,SWITCH,1,ADULTOS MAYORES,MEDIA ALTA,1183,178,-20,179
TIJUANA,5,9,1087,URBANO(A),53,26,49,23,75,46,86,76,SI,SWITCH,1,ADULTOS MAYORES,MEDIA ALTA,748,129,43,130
TIJUANA,5,9,1088,URBANO(A),67,33,59,32,100,68,96,91,SI,SWITCH,1,JEFAS DE HOGAR,MEDIA ALTA,1051,178,82,179
TIJUANA,5,9,1089,URBANO(A),72,39,70,33,97,42,91,64,SI,SWITCH,1,DISCAPACITADOS,MEDIA ALTA,1165,203,112,204
TIJUANA,5,9,1090,URBANO(A),63,40,68,27,71,43,86,72,SI,SWITCH,1,MIXTO,MEDIA ALTA,1109,202,116,203
TIJUANA,5,9,1091,URBANO(A),66,40,64,15,55,27,45,43,SI,SWITCH,1,MIXTO,MEDIA ALTA,970,196,151,197
TIJUANA,5,9,1092,URBANO(A),64,31,62,34,96,52,60,70,SI,SWITCH,1,JEFAS DE HOGAR,MEDIA ALTA,1211,252,192,253
TIJUANA,5,9,1093,URBANO(A),155,74,130,84,250,156,270,245,SI,SWITCH,1,ADULTOS MAYORES,ALTA,1920,390,120,391
TIJUANA,5,9,1094,URBANO(A),157,65,154,98,309,193,275,253,SI,SWITCH,1,ADULTOS MAYORES,ALTA,1583,319,44,320
TIJUANA,5,9,1095,URBANO(A),136,69,78,63,200,107,191,170,SI,SWITCH,1,ADULTOS MAYORES,ALTA,1359,274,83,275
TIJUANA,5,9,1096,URBANO(A),99,52,99,59,274,104,157,137,SI,SWITCH,1,ADULTOS MAYORES,ALTA,1253,307,150,308
TIJUANA,5,8,1097,URBANO(A),361,176,398,202,597,419,552,520,SI,SWITCH,1,MIXTO,ALTA,4164,766,214,767
TIJUANA,5,8,1098,URBANO(A),93,69,102,50,101,77,92,84,SI,SWITCH,1,JOVENES,MEDIA,2608,583,491,584
TIJUANA,5,9,1099,URBANO(A),146,104,147,80,196,158,106,164,SI,SWITCH,1,ADULTOS MAYORES,MEDIA ALTA,1589,215,109,216
TIJUANA,5,9,1100,URBANO(A),139,89,159,68,149,130,117,109,SI,SWITCH,1,ADULTOS MAYORES,MEDIA ALTA,1749,367,250,368
TIJUANA,5,9,1101,URBANO(A),221,137,271,147,404,279,351,314,SI,SWITCH,1,MIXTO,MEDIA ALTA,5589,1085,734,1086
TIJUANA,5,9,1102,URBANO(A),88,51,87,67,173,125,154,155,SI,SWITCH,1,JEFAS DE HOGAR,ALTA,1447,254,100,255
TIJUANA,5,9,1103,URBANO(A),149,110,168,55,185,118,169,149,SI,SWITCH,1,POBLACION INDIGENA,MEDIA,3925,826,657,827
TIJUANA,5,9,1104,URBANO(A),201,112,162,117,259,181,190,227,SI,SWITCH,1,POBLACION INDIGENA,MEDIA ALTA,2310,357,167,358
TIJUANA,5,9,1105,URBANO(A),108,52,110,94,224,165,216,247,SI,SWITCH,1,MIXTO,MEDIA ALTA,1504,208,-8,209
TIJUANA,5,9,1106,URBANO(A),74,32,69,24,105,53,87,91,SI,SWITCH,1,JEFAS DE HOGAR,MEDIA ALTA,1177,265,178,266
TIJUANA,5,9,1107,URBANO(A),65,44,60,25,78,48,72,63,SI,SWITCH,1,ADULTOS MAYORES,MEDIA ALTA,1413,300,228,301
TIJUANA,5,9,1108,URBANO(A),56,35,49,13,49,25,75,51,SI,SWITCH,1,ADULTOS MAYORES,MEDIA,920,196,121,197
TIJUANA,5,9,1109,URBANO(A),91,59,89,53,145,89,138,122,SI,SWITCH,1,POBLACION INDIGENA,MEDIA ALTA,1239,250,112,251
TIJUANA,5,9,1110,URBANO(A),66,46,57,35,106,54,106,91,SI,SWITCH,1,POBLACION INDIGENA,MEDIA,1282,284,178,285
TIJUANA,5,9,1111,URBANO(A),55,36,55,10,65,31,72,70,SI,OPOSITOR,3,POBLACION INDIGENA,MEDIA,985,236,164,237
TIJUANA,5,9,1112,URBANO(A),54,31,53,29,69,41,71,60,SI,SWITCH,1,ADULTOS MAYORES,MEDIA ALTA,894,171,100,172
TIJUANA,5,9,1113,URBANO(A),66,29,56,19,79,37,63,65,SI,SWITCH,1,MIXTO,MEDIA ALTA,930,184,121,185
TIJUANA,5,9,1114,URBANO(A),53,26,27,22,92,50,82,67,SI,OPOSITOR,3,MIXTO,MEDIA,1080,256,174,257
TIJUANA,5,9,1115,URBANO(A),61,44,63,23,63,47,40,83,SI,SWITCH,1,MIXTO,MEDIA,804,73,33,74
TIJUANA,5,9,1116,URBANO(A),114,68,104,56,194,113,153,150,SI,SWITCH,1,DISCAPACITADOS,MEDIA ALTA,2274,547,394,548
TIJUANA,5,9,1117,URBANO(A),40,20,38,27,91,58,99,96,SI,SWITCH,1,DISCAPACITADOS,MEDIA ALTA,656,117,18,118
TIJUANA,5,9,1118,URBANO(A),50,29,42,19,67,46,58,53,SI,SWITCH,1,MIXTO,MEDIA ALTA,1431,309,251,310
TIJUANA,5,9,1119,URBANO(A),156,93,169,63,261,153,209,179,SI,SWITCH,1,MIXTO,MEDIA ALTA,3631,885,676,886
TIJUANA,5,8,1120,URBANO(A),35,22,40,10,34,26,21,16,SI,SWITCH,1,POBLACION INDIGENA,MEDIA ALTA,720,198,177,199
TIJUANA,5,8,1121,URBANO(A),111,60,173,56,200,131,141,116,SI,SWITCH,1,DISCAPACITADOS,MEDIA,2141,523,382,524
TIJUANA,5,8,1123,URBANO(A),140,106,149,54,178,111,129,96,SI,SWITCH,1,MIXTO,MEDIA,4221,826,697,827
TIJUANA,5,8,1124,URBANO(A),97,66,87,53,152,95,129,97,SI,SWITCH,1,MIXTO,MEDIA ALTA,2587,514,385,515
TIJUANA,5,8,1126,URBANO(A),101,62,84,42,118,77,103,89,SI,SWITCH,1,MIXTO,MEDIA ALTA,1956,444,341,445
TIJUANA,5,8,1127,URBANO(A),62,44,58,29,86,47,61,54,SI,SWITCH,1,MIXTO,MEDIA,2165,453,392,454
TIJUANA,5,8,1128,URBANO(A),167,103,204,84,210,126,181,147,SI,SWITCH,1,MIXTO,MEDIA ALTA,5948,1335,1154,1336
TIJUANA,5,8,1129,URBANO(A),86,53,100,46,162,108,127,104,SI,SWITCH,1,MIXTO,ALTA,1790,393,266,394
TIJUANA,5,9,1130,URBANO(A),51,29,50,17,40,28,41,27,SI,OPOSITOR,3,MIXTO,ALTA,463,131,90,132
TIJUANA,5,9,1131,URBANO(A),124,55,127,81,237,170,219,141,SI,SWITCH,1,MIXTO,MEDIA ALTA,1924,355,136,356
TIJUANA,5,9,1132,URBANO(A),111,61,120,75,202,147,183,172,SI,SWITCH,1,DISCAPACITADOS,MEDIA ALTA,1545,276,93,277
TIJUANA,5,9,1133,URBANO(A),63,36,55,36,87,57,88,82,SI,SWITCH,1,ADULTOS MAYORES,MEDIA ALTA,761,160,72,161
TIJUANA,5,9,1134,URBANO(A),49,35,48,22,93,42,91,85,SI,SWITCH,1,DISCAPACITADOS,ALTA,636,104,13,105
TIJUANA,5,9,1135,URBANO(A),114,59,119,47,176,105,167,142,SI,SWITCH,1,MIXTO,MEDIA ALTA,1500,258,91,259
TIJUANA,5,9,1136,URBANO(A),58,21,49,16,79,44,75,78,SI,SWITCH,1,ADULTOS MAYORES,MEDIA ALTA,714,145,70,146
TIJUANA,5,9,1137,URBANO(A),119,79,121,56,170,102,155,164,SI,SWITCH,1,ADULTOS,MEDIA,1723,400,245,401
TIJUANA,5,9,1138,URBANO(A),112,66,131,52,178,114,161,149,SI,SWITCH,1,ADULTOS MAYORES,MEDIA ALTA,1621,362,201,363
TIJUANA,5,9,1139,URBANO(A),54,31,55,26,84,50,68,60,SI,SWITCH,1,POBLACION INDIGENA,MEDIA ALTA,1552,302,234,303
TIJUANA,5,9,1140,URBANO(A),397,176,416,285,862,546,655,573,SI,SWITCH,1,MIXTO,ALTA,5286,1044,389,1045
TIJUANA,5,13,1141,URBANO(A),122,68,132,61,205,131,156,161,SI,SWITCH,1,ADULTOS MAYORES,ALTA,1542,323,167,324
TIJUANA,5,8,1142,URBANO(A),116,70,136,67,149,127,153,134,SI,SWITCH,1,ADULTOS MAYORES,ALTA,1518,326,173,327
TIJUANA,5,8,1143,URBANO(A),166,116,226,114,267,189,223,170,SI,SWITCH,1,JOVENES,MEDIA ALTA,3510,890,667,891
TIJUANA,5,8,1144,URBANO(A),140,77,177,74,232,128,200,169,SI,SWITCH,1,MIXTO,ALTA,2225,517,317,518
TIJUANA,5,8,1145,URBANO(A),149,97,183,60,196,134,185,143,SI,SWITCH,1,ADULTOS MAYORES,ALTA,2189,528,343,529
TIJUANA,5,8,1146,URBANO(A),111,69,143,53,174,122,129,115,SI,SWITCH,1,MIXTO,ALTA,1768,456,327,457
TIJUANA,5,8,1147,URBANO(A),143,88,172,80,208,139,206,174,SI,SWITCH,1,MIXTO,ALTA,2190,506,300,507
TIJUANA,5,8,1148,URBANO(A),1,23,44,15,52,36,37,36,SI,SWITCH,1,ADULTOS MAYORES,ALTA,549,127,90,128
TIJUANA,5,8,1149,URBANO(A),161,109,208,89,270,175,154,147,SI,SWITCH,1,MIXTO,ALTA,3097,940,786,941
TIJUANA,5,8,1151,URBANO(A),235,146,225,135,390,230,341,298,SI,SWITCH,1,JOVENES,MEDIA ALTA,4253,940,599,941
TIJUANA,4,8,1154,URBANO(A),74,54,72,20,64,40,80,71,NO,SWITCH,1,MIXTO,MEDIA ALTA,2504,590,510,591
TIJUANA,5,8,1155,URBANO(A),174,93,187,103,339,208,265,238,SI,SWITCH,1,MIXTO,ALTA,4253,1022,757,1023
TIJUANA,4,8,1156,URBANO(A),74,45,76,26,102,60,56,48,NO,SWITCH,1,DISCAPACITADOS,MEDIA ALTA,2750,674,618,675
TIJUANA,4,8,1158,URBANO(A),109,79,104,53,132,81,100,91,NO,SWITCH,1,POBLACION INDIGENA,MEDIA,3901,889,789,890
TIJUANA,4,8,1159,URBANO(A),60,45,56,28,69,43,84,86,NO,SWITCH,1,POBLACION INDIGENA,MEDIA,2344,724,640,725
TIJUANA,5,13,1160,URBANO(A),162,43,107,29,89,53,83,59,SI,SWITCH,1,DISCAPACITADOS,MEDIA ALTA,1476,360,277,361
TIJUANA,5,8,1161,URBANO(A),27,20,33,17,47,24,32,39,SI,SWITCH,1,ADULTOS MAYORES,ALTA,582,157,125,158
TIJUANA,5,13,1162,URBANO(A),139,87,140,79,212,151,206,181,SI,SWITCH,1,MIXTO,ALTA,2014,420,214,421
TIJUANA,5,13,1164,URBANO(A),138,86,175,64,227,132,197,187,SI,SWITCH,1,MIXTO,MEDIA ALTA,2699,659,462,660
TIJUANA,5,12,1165,URBANO(A),44,32,38,16,41,27,33,14,SI,OPOSITOR,3,POBLACION INDIGENA,MEDIA,1021,244,211,245
TIJUANA,5,12,1166,URBANO(A),77,52,69,39,103,56,61,44,SI,SWITCH,1,POBLACION INDIGENA,MEDIA,2147,557,496,558
TIJUANA,5,12,1167,URBANO(A),49,35,40,25,67,48,64,39,SI,OPOSITOR,3,POBLACION INDIGENA,MEDIA,2040,468,404,469
TIJUANA,5,12,1168,URBANO(A),85,59,62,39,136,70,90,53,SI,OPOSITOR,3,MIXTO,MEDIA,2889,676,586,677
TIJUANA,8,13,1169,URBANO(A),175,121,177,90,205,157,205,211,NO,SWITCH,1,MIXTO,MEDIA,4092,839,634,840
TIJUANA,8,13,1170,URBANO(A),98,64,105,45,129,101,102,93,NO,SWITCH,1,DISCAPACITADOS,MEDIA ALTA,1326,254,152,255
TIJUANA,8,13,1171,URBANO(A),229,118,226,152,407,253,368,399,NO,SWITCH,1,MIXTO,ALTA,2882,616,248,617
TIJUANA,8,13,1172,URBANO(A),43,25,38,25,67,42,73,61,NO,SWITCH,1,ADULTOS MAYORES,MEDIA ALTA,897,196,123,197
TIJUANA,4,13,1173,URBANO(A),57,34,49,24,84,43,61,50,NO,SWITCH,1,MIXTO,MEDIA,2035,507,446,508
TIJUANA,4,13,1174,URBANO(A),56,35,49,29,87,56,68,60,NO,SWITCH,1,POBLACION INDIGENA,MEDIA,2170,538,470,539
TIJUANA,4,7,1175,URBANO(A),92,66,94,44,112,63,90,36,NO,OPOSITOR,3,JOVENES,MEDIA,3938,888,798,889
TIJUANA,8,13,1176,URBANO(A),29,15,41,17,44,24,31,31,NO,SWITCH,1,DISCAPACITADOS,MEDIA ALTA,805,173,142,174
TIJUANA,4,7,1177,URBANO(A),100,58,90,36,108,58,92,186,NO,SWITCH,1,MIXTO,MEDIA,3741,900,808,901
TIJUANA,4,14,1178,URBANO(A),31,24,32,11,46,26,40,24,NO,SWITCH,1,MIXTO,MEDIA,1673,387,347,388
TIJUANA,4,14,1179,URBANO(A),44,29,38,14,47,37,41,35,NO,SWITCH,1,MIXTO,MEDIA,1287,286,245,287
TIJUANA,4,14,1180,URBANO(A),169,128,109,45,141,70,69,57,NO,SWITCH,1,MIXTO,MEDIA,1945,579,510,580
TIJUANA,8,13,1181,URBANO(A),68,55,75,45,87,62,70,51,NO,SWITCH,1,MIXTO,MEDIA ALTA,1330,316,246,317
TIJUANA,4,13,1182,URBANO(A),39,24,26,17,65,32,51,38,NO,SWITCH,1,MIXTO,MEDIA ALTA,1587,408,357,409
TIJUANA,8,13,1183,URBANO(A),66,51,65,41,97,64,71,74,NO,SWITCH,1,DISCAPACITADOS,MEDIA,2385,549,478,550
TIJUANA,8,13,1184,URBANO(A),51,34,46,20,55,32,46,42,NO,SWITCH,1,DISCAPACITADOS,MEDIA,2613,680,634,681
TIJUANA,8,13,1185,URBANO(A),61,48,76,36,88,64,50,48,NO,SWITCH,1,MIXTO,MEDIA ALTA,2134,569,519,570
TIJUANA,8,13,1186,URBANO(A),102,77,102,47,105,65,71,59,NO,SWITCH,1,JOVENES,MEDIA,3252,830,759,831
TIJUANA,8,13,1187,URBANO(A),150,123,152,60,87,92,80,70,NO,SWITCH,1,MIXTO,MEDIA BAJA,3046,777,697,778
TIJUANA,8,13,1188,URBANO(A),77,52,76,46,118,63,87,81,NO,OPOSITOR,3,DISCAPACITADOS,MEDIA,1669,312,225,313
TIJUANA,8,13,1190,URBANO(A),94,71,93,24,81,40,66,58,NO,OPOSITOR,3,JOVENES,MEDIA,2654,645,579,646
TIJUANA,8,13,1191,URBANO(A),83,57,88,35,122,63,96,90,NO,OPOSITOR,3,MIXTO,MEDIA ALTA,1966,501,405,502
TIJUANA,8,13,1192,URBANO(A),111,63,106,45,137,110,149,133,NO,SWITCH,1,MIXTO,ALTA,2743,735,586,736
TIJUANA,8,12,1193,URBANO(A),63,35,54,30,99,64,78,62,NO,SWITCH,1,DISCAPACITADOS,MEDIA ALTA,1119,304,226,305
PLAYAS DE ROSARITO,9,15,1194,MIXTO(A),339,368,410,116,87,151,0,315,NO,SWITCH,1,ADULTOS MAYORES,MEDIA BAJA,13205,1496,1496,1497
TIJUANA,8,12,1195,URBANO(A),49,35,44,39,106,57,76,45,NO,OPOSITOR,3,POBLACION INDIGENA,MEDIA,2146,512,436,513
TIJUANA,8,12,1197,URBANO(A),47,28,33,17,71,32,42,15,NO,OPOSITOR,3,MIXTO,MEDIA,1449,370,328,371
TIJUANA,8,12,1198,URBANO(A),54,31,49,30,106,46,60,34,NO,OPOSITOR,3,MIXTO,MEDIA BAJA,2557,629,569,630
TIJUANA,8,12,1199,URBANO(A),132,80,79,39,92,45,79,57,NO,SWITCH,1,ADULTOS MAYORES,MEDIA ALTA,1268,320,241,321
TIJUANA,8,12,1200,URBANO(A),55,45,44,29,90,51,80,47,NO,OPOSITOR,3,MIXTO,MEDIA ALTA,2086,538,458,539
TIJUANA,8,12,1201,URBANO(A),95,67,80,59,138,96,105,65,NO,SWITCH,1,POBLACION INDIGENA,MEDIA,3199,767,662,768
TIJUANA,5,12,1202,URBANO(A),88,58,70,45,135,83,99,59,SI,SWITCH,1,MIXTO,MEDIA,2973,755,656,756
TIJUANA,5,12,1203,URBANO(A),106,77,96,56,125,83,98,54,SI,SWITCH,1,POBLACION INDIGENA,MEDIA,2659,677,579,678
TIJUANA,8,12,1204,URBANO(A),156,56,54,60,152,104,67,63,NO,OPOSITOR,3,MIXTO,MEDIA,2145,493,426,494
TIJUANA,8,12,1206,URBANO(A),60,37,49,20,110,57,100,72,NO,SWITCH,1,MIXTO,ALTA,1114,238,138,239
TIJUANA,8,12,1207,URBANO(A),12,12,12,15,22,18,19,12,NO,SWITCH,1,MIXTO,ALTA,475,118,99,119
TIJUANA,8,12,1208,URBANO(A),50,38,48,23,68,30,54,42,NO,SWITCH,1,MIXTO,ALTA,859,189,135,190
TIJUANA,8,12,1209,URBANO(A),66,60,56,43,111,77,62,39,NO,OPOSITOR,3,MIXTO,MEDIA,3156,603,541,604
TIJUANA,8,12,1210,URBANO(A),129,75,93,36,87,59,79,40,NO,OPOSITOR,3,MIXTO,MEDIA ALTA,2079,530,451,531
TIJUANA,8,12,1211,URBANO(A),57,42,50,26,76,34,53,35,NO,SWITCH,1,ADULTOS MAYORES,MEDIA,1270,376,323,377
TIJUANA,8,12,1212,URBANO(A),68,40,47,19,81,37,71,40,NO,OPOSITOR,3,MIXTO,MEDIA,2005,573,502,574
TIJUANA,8,13,1213,URBANO(A),75,34,67,25,89,47,78,62,NO,OPOSITOR,3,JEFAS DE HOGAR,ALTA,1290,362,284,363
TIJUANA,8,13,1214,URBANO(A),113,55,106,71,219,133,197,165,NO,SWITCH,1,JOVENES,MEDIA ALTA,3069,741,544,742
TIJUANA,8,13,1215,URBANO(A),62,29,54,26,103,54,94,74,NO,SWITCH,1,DISCAPACITADOS,MEDIA ALTA,1270,313,219,314
TIJUANA,8,13,1216,URBANO(A),38,26,33,20,72,35,37,42,NO,SWITCH,1,MIXTO,MEDIA ALTA,1448,346,309,347
TIJUANA,8,13,1217,URBANO(A),83,55,79,33,79,51,76,69,NO,SWITCH,1,MIXTO,MEDIA ALTA,1935,401,325,402
TIJUANA,8,13,1218,URBANO(A),92,73,89,50,100,69,65,51,NO,SWITCH,1,MIXTO,MEDIA BAJA,2730,618,553,619
TIJUANA,8,13,1219,URBANO(A),55,37,61,28,65,35,59,39,NO,SWITCH,1,MIXTO,MEDIA,2291,529,470,530
TIJUANA,8,13,1220,URBANO(A),84,68,93,28,76,45,70,56,NO,SWITCH,1,MIXTO,MEDIA ALTA,1990,473,403,474
TIJUANA,8,13,1221,URBANO(A),73,42,66,26,97,51,83,83,NO,SWITCH,1,MIXTO,MEDIA ALTA,2229,553,470,554
TIJUANA,4,14,1222,URBANO(A),50,40,53,31,94,59,80,53,NO,SWITCH,1,MIXTO,MEDIA ALTA,1507,405,325,406
TIJUANA,4,14,1223,URBANO(A),72,57,69,32,103,63,71,46,NO,SWITCH,1,POBLACION INDIGENA,MEDIA ALTA,1655,485,414,486
TIJUANA,4,14,1224,URBANO(A),132,80,120,79,222,143,198,146,NO,SWITCH,1,MIXTO,MEDIA ALTA,3366,938,740,939
TIJUANA,4,14,1225,URBANO(A),55,34,49,23,70,39,52,41,NO,SWITCH,1,MIXTO,MEDIA ALTA,1357,347,295,348
TIJUANA,8,14,1227,URBANO(A),54,48,49,19,52,26,60,38,NO,SWITCH,1,MIXTO,MEDIA ALTA,1186,296,236,297
TIJUANA,8,13,1228,URBANO(A),39,37,44,26,68,36,47,36,NO,SWITCH,1,MIXTO,MEDIA ALTA,1554,437,390,438
TIJUANA,8,13,1229,URBANO(A),52,33,45,19,59,28,53,41,NO,SWITCH,1,MIXTO,MEDIA ALTA,1675,400,347,401
TIJUANA,8,13,1232,URBANO(A),44,35,50,23,74,38,61,43,NO,SWITCH,1,MIXTO,MEDIA,1155,244,183,245
TIJUANA,8,13,1233,URBANO(A),54,42,54,32,72,56,74,59,NO,SWITCH,1,MIXTO,MEDIA ALTA,1255,262,188,263
TIJUANA,8,13,1234,URBANO(A),248,109,239,116,517,293,476,438,NO,SWITCH,1,MIXTO,ALTA,4942,1062,586,1063
TIJUANA,8,13,1235,URBANO(A),86,59,86,51,146,101,115,109,NO,SWITCH,1,MIXTO,ALTA,1372,289,174,290
TIJUANA,8,13,1237,URBANO(A),123,89,135,79,190,116,150,132,NO,SWITCH,1,JOVENES,MEDIA,3432,786,636,787
TIJUANA,8,13,1238,URBANO(A),79,57,73,47,140,81,139,92,NO,OPOSITOR,3,MIXTO,MEDIA,4339,926,787,927
TIJUANA,8,13,1239,URBANO(A),79,43,89,34,59,36,119,68,NO,OPOSITOR,3,POBLACION INDIGENA,MEDIA,4397,935,816,936
TIJUANA,8,12,1240,URBANO(A),61,43,50,32,83,50,61,34,NO,OPOSITOR,3,POBLACION INDIGENA,MEDIA,1671,437,376,438
TIJUANA,8,12,1241,URBANO(A),39,25,27,25,75,40,66,37,NO,OPOSITOR,3,MIXTO,MEDIA,1616,377,311,378
TIJUANA,8,12,1242,URBANO(A),121,75,82,44,156,68,129,64,NO,OPOSITOR,3,MIXTO,MEDIA,3686,854,725,855
TIJUANA,8,12,1243,URBANO(A),32,18,19,11,56,23,41,17,NO,OPOSITOR,3,MIXTO,MEDIA ALTA,943,242,201,243
TIJUANA,8,12,1244,URBANO(A),69,46,47,30,94,58,86,35,NO,OPOSITOR,3,MIXTO,MEDIA,2346,604,518,605
TIJUANA,6,11,1245,URBANO(A),239,73,141,171,362,225,309,376,NO,SWITCH,1,ADULTOS MAYORES,MEDIA ALTA,1997,373,64,374
TIJUANA,6,11,1246,URBANO(A),144,65,105,138,304,189,153,306,NO,SWITCH,1,ADULTOS,MEDIA BAJA,1452,190,37,191
TIJUANA,6,11,1247,URBANO(A),152,73,120,132,261,187,135,255,NO,SWITCH,1,ADULTOS,MEDIA,1368,216,81,217
TIJUANA,6,11,1248,URBANO(A),114,47,84,106,273,178,223,261,NO,SWITCH,1,ADULTOS,MEDIA,1244,188,-35,189
TIJUANA,6,11,1249,URBANO(A),196,70,132,150,395,262,321,350,NO,SWITCH,1,ADULTOS,MEDIA BAJA,1909,266,-55,267
TIJUANA,6,11,1250,URBANO(A),107,67,141,185,439,326,275,425,NO,SWITCH,1,ADULTOS,MEDIA BAJA,1978,299,24,300
TIJUANA,6,11,1251,URBANO(A),122,51,104,98,215,147,227,138,NO,SWITCH,1,ADULTOS MAYORES,ALTA,1176,234,7,235
TIJUANA,6,11,1252,URBANO(A),146,65,117,103,202,203,259,264,NO,SWITCH,1,DISCAPACITADOS,ALTA,1890,334,75,335
TIJUANA,6,11,1253,URBANO(A),151,46,108,107,326,217,304,326,NO,SWITCH,1,ADULTOS MAYORES,ALTA,2193,323,19,324
TIJUANA,6,11,1254,URBANO(A),180,80,138,114,320,207,313,331,NO,SWITCH,1,ADULTOS MAYORES,ALTA,2225,389,76,390
TIJUANA,6,11,1255,URBANO(A),107,62,92,86,211,125,217,213,NO,SWITCH,1,ADULTOS MAYORES,ALTA,1535,295,78,296
TIJUANA,6,11,1256,URBANO(A),89,52,73,58,187,119,173,192,NO,SWITCH,1,ADULTOS MAYORES,MEDIA ALTA,1639,294,121,295
TIJUANA,6,11,1257,URBANO(A),92,63,92,59,113,89,93,71,NO,SWITCH,1,MIXTO,MEDIA,2107,451,358,452
TIJUANA,6,11,1258,URBANO(A),55,51,67,28,57,35,27,38,NO,SWITCH,1,MIXTO,MEDIA,1373,172,145,173
PLAYAS DE ROSARITO,9,15,1259,URBANO(A),337,324,394,85,67,128,0,254,NO,SWITCH,1,MIXTO,MEDIA,5441,843,843,844
PLAYAS DE ROSARITO,9,15,1260,URBANO(A),244,240,294,69,49,101,0,131,NO,SWITCH,1,MIXTO,MEDIA,3356,546,546,547
PLAYAS DE ROSARITO,9,15,1261,URBANO(A),464,487,491,102,76,144,0,217,NO,SWITCH,1,POBLACION INDIGENA,MEDIA,7310,1044,1044,1045
PLAYAS DE ROSARITO,9,15,1262,URBANO(A),494,532,606,93,73,169,0,193,NO,SWITCH,1,MIXTO,MEDIA,7134,1092,1092,1093
PLAYAS DE ROSARITO,9,15,1264,URBANO(A),316,324,355,79,47,128,0,190,NO,SWITCH,1,MIXTO,MEDIA,4548,670,670,671
PLAYAS DE ROSARITO,9,15,1265,URBANO(A),295,286,330,60,42,106,0,127,NO,SWITCH,1,POBLACION INDIGENA,MEDIA,3538,516,516,517
PLAYAS DE ROSARITO,9,15,1266,URBANO(A),265,266,292,47,35,82,0,121,NO,SWITCH,1,DISCAPACITADOS,MEDIA,2733,432,432,433
PLAYAS DE ROSARITO,9,15,1267,URBANO(A),54,61,68,14,12,20,0,40,NO,SWITCH,1,POBLACION INDIGENA,MEDIA ALTA,765,102,102,103
PLAYAS DE ROSARITO,9,15,1268,URBANO(A),71,62,81,16,12,30,0,51,NO,SWITCH,1,ADULTOS MAYORES,MEDIA,810,128,128,129
PLAYAS DE ROSARITO,9,15,1269,URBANO(A),102,101,119,38,27,46,0,78,NO,SWITCH,1,POBLACION INDIGENA,MEDIA BAJA,1724,308,308,309
PLAYAS DE ROSARITO,9,15,1270,URBANO(A),145,141,159,14,37,69,0,69,NO,SWITCH,1,ADULTOS MAYORES,MEDIA,1422,227,227,228
PLAYAS DE ROSARITO,9,15,1271,URBANO(A),408,294,368,174,91,232,0,461,NO,SWITCH,1,ADULTOS MAYORES,MEDIA ALTA,5894,636,636,637
PLAYAS DE ROSARITO,9,15,1272,URBANO(A),108,88,102,41,24,46,0,108,NO,SWITCH,1,ADULTOS MAYORES,MEDIA ALTA,1605,236,236,237
PLAYAS DE ROSARITO,9,15,1273,URBANO(A),109,94,123,37,25,59,0,100,NO,SWITCH,1,JEFAS DE HOGAR,MEDIA ALTA,1652,134,134,135
TIJUANA,8,12,1274,URBANO(A),52,37,43,31,60,37,53,23,NO,SWITCH,1,DISCAPACITADOS,MEDIA BAJA,1379,364,311,365
TIJUANA,8,12,1275,URBANO(A),23,20,23,10,23,18,29,11,NO,SWITCH,1,DISCAPACITADOS,MEDIA BAJA,1025,210,181,211
TIJUANA,8,12,1276,URBANO(A),53,45,49,21,46,27,58,32,NO,OPOSITOR,3,DISCAPACITADOS,MEDIA BAJA,2762,681,623,682
TIJUANA,8,12,1277,URBANO(A),36,26,33,24,48,28,34,39,NO,SWITCH,1,MIXTO,MEDIA BAJA,2115,365,331,366
TIJUANA,8,12,1283,URBANO(A),47,28,33,25,74,47,81,58,NO,SWITCH,1,MIXTO,MEDIA ALTA,1079,250,169,251
TIJUANA,8,12,1284,URBANO(A),144,75,114,68,195,122,187,108,NO,OPOSITOR,3,MIXTO,MEDIA ALTA,5252,1151,964,1152
TIJUANA,8,12,1285,URBANO(A),118,65,75,44,161,78,149,81,NO,OPOSITOR,3,MIXTO,MEDIA,4002,871,722,872
TIJUANA,8,12,1286,URBANO(A),99,69,66,35,126,69,114,61,NO,SWITCH,1,MIXTO,MEDIA ALTA,3697,938,824,939
TIJUANA,8,12,1287,URBANO(A),102,85,56,31,125,52,104,70,NO,OPOSITOR,3,MIXTO,MEDIA,3249,787,683,788
TIJUANA,8,12,1288,URBANO(A),138,84,111,72,191,88,206,147,NO,SWITCH,1,MIXTO,MEDIA,3913,755,549,756
PLAYAS DE ROSARITO,9,15,1290,URBANO(A),62,57,61,24,16,27,0,40,NO,SWITCH,1,ADULTOS MAYORES,MEDIA,1042,182,182,183
PLAYAS DE ROSARITO,9,15,1291,URBANO(A),213,229,252,77,59,86,0,105,NO,SWITCH,1,MIXTO,MEDIA,4149,703,703,704
TIJUANA,5,9,1299,URBANO(A),62,41,59,30,74,50,89,78,SI,SWITCH,1,ADULTOS MAYORES,MEDIA ALTA,755,135,46,136
TIJUANA,5,9,1300,URBANO(A),376,160,318,250,683,504,635,640,SI,SWITCH,1,ADULTOS MAYORES,ALTA,3662,580,-55,581
TIJUANA,5,9,1301,URBANO(A),49,38,45,19,53,34,55,54,SI,SWITCH,1,ADULTOS MAYORES,MEDIA ALTA,951,181,126,182
TIJUANA,5,8,1302,URBANO(A),129,95,123,52,218,125,186,161,SI,SWITCH,1,POBLACION INDIGENA,MEDIA ALTA,3535,806,620,807
TIJUANA,5,8,1303,URBANO(A),55,48,56,29,64,49,45,50,SI,SWITCH,1,POBLACION INDIGENA,MEDIA,1167,218,173,219
TIJUANA,5,9,1304,URBANO(A),74,35,49,28,85,48,66,62,SI,SWITCH,1,POBLACION INDIGENA,MEDIA ALTA,1260,269,203,270
TIJUANA,5,9,1305,URBANO(A),42,24,35,15,54,18,62,50,SI,OPOSITOR,3,DISCAPACITADOS,MEDIA,1104,236,174,237
TIJUANA,5,9,1306,URBANO(A),47,34,47,20,52,34,47,49,SI,SWITCH,1,MIXTO,MEDIA,699,147,100,148
TIJUANA,5,9,1307,URBANO(A),38,22,45,20,59,39,71,56,SI,SWITCH,1,ADULTOS MAYORES,MEDIA ALTA,902,136,65,137
TIJUANA,5,9,1308,URBANO(A),60,38,55,25,73,43,64,44,SI,OPOSITOR,3,MIXTO,MEDIA ALTA,1073,225,161,226
TIJUANA,5,9,1309,URBANO(A),55,37,51,10,51,25,52,46,SI,OPOSITOR,3,MIXTO,MEDIA,1511,366,314,367
TIJUANA,5,9,1310,URBANO(A),44,30,47,20,60,37,58,52,SI,SWITCH,1,ADULTOS MAYORES,MEDIA,1178,249,191,250
TIJUANA,5,8,1311,URBANO(A),48,40,58,26,61,43,37,38,SI,SWITCH,1,POBLACION INDIGENA,MEDIA,1365,273,236,274
TIJUANA,5,8,1312,URBANO(A),74,48,93,31,73,56,55,55,SI,SWITCH,1,JOVENES,MEDIA,1130,261,206,262
TIJUANA,5,9,1313,URBANO(A),55,34,51,26,89,60,66,70,SI,SWITCH,1,MIXTO,MEDIA ALTA,978,195,129,196
TIJUANA,5,9,1314,URBANO(A),109,49,98,55,172,112,136,138,SI,SWITCH,1,ADULTOS MAYORES,ALTA,1151,261,125,262
TIJUANA,5,9,1315,URBANO(A),48,32,48,8,58,30,56,47,SI,OPOSITOR,3,DISCAPACITADOS,MEDIA,815,157,101,158
TIJUANA,5,9,1316,URBANO(A),59,35,47,19,49,32,31,24,SI,SWITCH,1,POBLACION INDIGENA,MEDIA,948,208,177,209
TIJUANA,5,9,1317,URBANO(A),69,50,70,19,59,32,56,45,SI,SWITCH,1,MIXTO,MEDIA ALTA,1208,309,253,310
TIJUANA,5,9,1318,URBANO(A),165,78,147,107,259,182,290,277,SI,SWITCH,1,MIXTO,ALTA,2205,359,69,360
TIJUANA,5,8,1319,URBANO(A),79,61,106,44,100,69,80,86,SI,SWITCH,1,MIXTO,MEDIA,2278,488,408,489
TIJUANA,5,9,1320,URBANO(A),107,55,120,47,151,102,129,101,SI,SWITCH,1,MIXTO,MEDIA ALTA,1985,385,256,386
TIJUANA,5,9,1321,URBANO(A),132,108,164,79,206,129,145,117,SI,SWITCH,1,POBLACION INDIGENA,MEDIA,4832,1173,1028,1174
TIJUANA,5,9,1322,URBANO(A),46,34,70,20,58,34,252,37,SI,SWITCH,1,DISCAPACITADOS,MEDIA,1194,268,16,269
TIJUANA,5,9,1323,URBANO(A),42,27,43,22,72,39,68,65,SI,SWITCH,1,MIXTO,MEDIA ALTA,874,171,103,172
TIJUANA,5,9,1324,URBANO(A),75,46,68,52,137,93,135,116,SI,SWITCH,1,MIXTO,MEDIA ALTA,1469,255,120,256
TIJUANA,5,9,1325,URBANO(A),63,44,68,31,82,63,57,56,SI,SWITCH,1,POBLACION INDIGENA,MEDIA,980,232,175,233
TIJUANA,5,8,1326,URBANO(A),122,65,140,67,170,136,179,140,SI,SWITCH,1,ADULTOS MAYORES,MEDIA ALTA,2587,444,265,445
TIJUANA,5,8,1327,URBANO(A),312,166,360,193,526,392,476,464,SI,SWITCH,1,MIXTO,ALTA,4179,782,306,783
TIJUANA,5,8,1328,URBANO(A),245,151,299,137,371,242,271,219,SI,SWITCH,1,MIXTO,MEDIA ALTA,6159,1360,1089,1361
TIJUANA,5,9,1329,URBANO(A),64,31,71,28,80,42,78,48,SI,SWITCH,1,MIXTO,ALTA,1323,339,261,340
TIJUANA,5,9,1330,URBANO(A),75,60,97,40,117,89,114,110,SI,SWITCH,1,MIXTO,MEDIA ALTA,2257,521,407,522
TIJUANA,5,9,1331,URBANO(A),41,25,61,24,68,46,62,59,SI,SWITCH,1,MIXTO,ALTA,1330,397,335,398
TIJUANA,5,8,1332,URBANO(A),67,42,83,47,134,82,91,92,SI,SWITCH,1,ADULTOS MAYORES,MEDIA ALTA,1024,247,156,248
TIJUANA,5,8,1333,URBANO(A),65,34,66,24,75,51,57,61,SI,SWITCH,1,ADULTOS MAYORES,MEDIA ALTA,804,165,108,166
TIJUANA,5,8,1334,URBANO(A),67,41,95,37,100,65,75,59,SI,SWITCH,1,DISCAPACITADOS,ALTA,864,221,146,222
TIJUANA,5,13,1335,URBANO(A),101,68,128,47,148,85,115,86,SI,SWITCH,1,ADULTOS MAYORES,ALTA,1432,350,235,351
TIJUANA,8,13,1336,URBANO(A),367,260,398,130,463,288,430,355,NO,SWITCH,1,MIXTO,ALTA,6145,1526,1096,1527
TIJUANA,8,13,1337,URBANO(A),158,81,145,85,276,197,260,255,NO,SWITCH,1,MIXTO,ALTA,2195,501,241,502
TIJUANA,8,13,1338,URBANO(A),39,22,43,22,66,47,58,54,NO,SWITCH,1,MIXTO,MEDIA ALTA,961,246,188,247
TIJUANA,8,13,1339,URBANO(A),39,23,24,20,55,28,37,34,NO,SWITCH,1,JOVENES,MEDIA,1107,265,228,266
TIJUANA,8,13,1340,URBANO(A),83,40,83,53,166,96,156,185,NO,SWITCH,1,ADULTOS MAYORES,ALTA,1346,242,86,243
TIJUANA,8,13,1341,URBANO(A),62,38,55,31,94,63,77,77,NO,SWITCH,1,MIXTO,MEDIA ALTA,1402,302,225,303
TIJUANA,8,12,1342,URBANO(A),33,16,23,12,46,24,41,25,NO,SWITCH,1,MIXTO,ALTA,618,152,111,153
TIJUANA,8,12,1343,URBANO(A),59,44,52,22,90,65,80,52,NO,SWITCH,1,MIXTO,MEDIA,1283,314,234,315
TIJUANA,8,12,1344,URBANO(A),32,22,31,11,46,27,37,23,NO,SWITCH,1,DISCAPACITADOS,MEDIA,697,146,109,147
TIJUANA,8,12,1345,URBANO(A),58,40,44,26,86,39,67,31,NO,OPOSITOR,3,ADULTOS MAYORES,MEDIA,1648,392,325,393
TIJUANA,8,12,1346,URBANO(A),81,42,41,29,72,28,62,39,NO,OPOSITOR,3,MIXTO,MEDIA ALTA,1885,446,384,447
TIJUANA,8,12,1347,URBANO(A),43,32,45,26,49,46,66,31,NO,SWITCH,1,MIXTO,MEDIA ALTA,1943,482,416,483
TIJUANA,5,12,1348,URBANO(A),94,70,83,24,107,57,87,51,SI,OPOSITOR,3,POBLACION INDIGENA,MEDIA,2981,721,634,722
TIJUANA,5,12,1349,URBANO(A),93,58,72,54,140,85,100,61,SI,OPOSITOR,3,POBLACION INDIGENA,MEDIA,4706,1096,996,1097
TIJUANA,8,12,1350,URBANO(A),64,52,52,43,125,72,92,52,NO,OPOSITOR,3,POBLACION INDIGENA,MEDIA,3569,920,828,921
TIJUANA,8,12,1351,URBANO(A),122,92,110,55,167,112,121,79,NO,SWITCH,1,JOVENES,MEDIA,4333,985,864,986
TIJUANA,8,12,1352,URBANO(A),39,25,32,14,49,25,50,27,NO,SWITCH,1,MIXTO,MEDIA ALTA,1019,238,188,239
TIJUANA,8,13,1353,URBANO(A),279,139,236,188,572,356,548,550,NO,SWITCH,1,MIXTO,ALTA,5271,1039,491,1040
TIJUANA,8,12,1355,URBANO(A),14,7,10,5,29,9,18,9,NO,OPOSITOR,3,POBLACION INDIGENA,MEDIA BAJA,863,233,215,234
TIJUANA,8,12,1357,URBANO(A),26,19,21,14,46,24,38,22,NO,OPOSITOR,3,MIXTO,MEDIA,1592,450,412,451
TIJUANA,6,11,1358,URBANO(A),139,50,96,133,281,200,271,261,NO,LEAL,2,ADULTOS MAYORES,MEDIA,1279,163,-108,164
TIJUANA,6,11,1359,URBANO(A),133,60,104,75,257,146,219,211,NO,SWITCH,1,ADULTOS MAYORES,ALTA,1569,327,108,328
TIJUANA,6,11,1360,URBANO(A),83,32,66,79,172,116,160,184,NO,SWITCH,1,ADULTOS MAYORES,ALTA,914,130,-30,131
TIJUANA,6,11,1361,URBANO(A),127,39,86,72,201,108,177,189,NO,SWITCH,1,ADULTOS MAYORES,ALTA,1118,211,34,212
TIJUANA,6,11,1362,URBANO(A),97,56,71,79,197,134,181,177,NO,SWITCH,1,JEFAS DE HOGAR,ALTA,1270,253,72,254
PLAYAS DE ROSARITO,9,15,1363,URBANO(A),177,173,188,42,27,67,0,129,NO,SWITCH,1,POBLACION INDIGENA,MEDIA,3195,369,369,370
PLAYAS DE ROSARITO,9,15,1364,URBANO(A),70,64,81,32,24,52,0,93,NO,SWITCH,1,ADULTOS,MEDIA BAJA,1231,115,115,116
PLAYAS DE ROSARITO,9,15,1365,URBANO(A),277,256,301,67,45,125,0,229,NO,SWITCH,1,POBLACION INDIGENA,MEDIA,3974,526,526,527
PLAYAS DE ROSARITO,9,15,1366,URBANO(A),107,77,103,49,36,67,0,118,NO,SWITCH,1,ADULTOS MAYORES,MEDIA ALTA,1296,171,171,172
PLAYAS DE ROSARITO,9,15,1367,URBANO(A),438,532,502,75,63,106,0,114,NO,SWITCH,1,MIXTO,MEDIA BAJA,6268,915,915,916
PLAYAS DE ROSARITO,9,15,1370,URBANO(A),521,517,590,94,65,133,0,133,NO,SWITCH,1,JOVENES,MEDIA,4794,869,869,870
TIJUANA,4,8,1371,URBANO(A),24,23,32,14,41,20,36,21,NO,SWITCH,1,POBLACION INDIGENA,MEDIA,1142,270,234,271
TIJUANA,4,8,1372,URBANO(A),26,23,30,12,24,13,17,7,NO,SWITCH,1,POBLACION INDIGENA,MEDIA,858,230,213,231
TIJUANA,4,7,1373,URBANO(A),43,28,35,18,47,31,42,18,NO,OPOSITOR,3,POBLACION INDIGENA,MEDIA,1648,450,408,451
TIJUANA,4,7,1374,URBANO(A),32,24,37,12,39,20,34,20,NO,SWITCH,1,MIXTO,MEDIA,1222,341,307,342
TIJUANA,4,7,1375,URBANO(A),30,17,22,19,35,25,25,18,NO,OPOSITOR,3,POBLACION INDIGENA,MEDIA,946,265,240,266
TIJUANA,4,8,1376,URBANO(A),39,36,33,26,53,30,25,16,NO,SWITCH,1,MIXTO,MEDIA,1104,253,228,254
TIJUANA,4,8,1377,URBANO(A),35,26,31,17,38,27,32,33,NO,OPOSITOR,3,JOVENES,MEDIA,1218,310,278,311
TIJUANA,4,8,1378,URBANO(A),16,14,15,9,26,16,18,21,NO,SWITCH,1,MIXTO,MEDIA,681,186,168,187
TIJUANA,4,8,1379,URBANO(A),27,17,26,11,41,22,41,32,NO,SWITCH,1,JOVENES,MEDIA ALTA,872,263,222,264
TIJUANA,4,8,1380,URBANO(A),44,27,31,21,49,27,43,30,NO,SWITCH,1,JOVENES,MEDIA,1149,288,245,289
TIJUANA,4,8,1381,URBANO(A),56,40,51,14,34,24,21,16,NO,SWITCH,1,JOVENES,MEDIA,1002,236,215,237
TIJUANA,4,7,1382,URBANO(A),22,13,21,12,29,22,29,13,NO,OPOSITOR,3,JOVENES,MEDIA,1354,390,361,391
TIJUANA,4,7,1383,URBANO(A),30,13,22,13,47,24,23,12,NO,OPOSITOR,3,POBLACION INDIGENA,MEDIA,1046,284,261,285
TIJUANA,4,7,1384,URBANO(A),40,21,30,24,59,40,53,29,NO,SWITCH,1,JOVENES,ALTA,1480,400,347,401
TIJUANA,4,7,1385,URBANO(A),34,19,28,10,50,21,41,18,NO,SWITCH,1,MIXTO,ALTA,994,308,267,309
TIJUANA,4,7,1386,URBANO(A),35,30,31,11,47,19,48,31,NO,SWITCH,1,MIXTO,ALTA,1066,312,264,313
TIJUANA,4,7,1387,URBANO(A),32,21,31,15,52,20,37,31,NO,SWITCH,1,JOVENES,ALTA,1155,376,339,377
TIJUANA,4,7,1388,URBANO(A),40,34,40,25,75,37,41,25,NO,SWITCH,1,POBLACION INDIGENA,MEDIA BAJA,3997,838,797,839
TIJUANA,4,7,1389,URBANO(A),11,11,18,16,38,23,17,10,NO,SWITCH,1,POBLACION INDIGENA,MEDIA,1389,364,347,365
TIJUANA,4,7,1390,URBANO(A),32,24,33,22,18,25,36,11,NO,SWITCH,1,POBLACION INDIGENA,MEDIA,1699,376,340,377
TIJUANA,4,7,1391,URBANO(A),31,22,22,13,31,20,18,14,NO,SWITCH,1,JOVENES,MEDIA,1260,331,313,332
TIJUANA,4,7,1392,URBANO(A),22,20,23,11,29,12,21,12,NO,OPOSITOR,3,POBLACION INDIGENA,MEDIA,1108,204,183,205
TIJUANA,4,7,1393,URBANO(A),25,20,22,8,37,21,29,12,NO,SWITCH,1,JOVENES,MEDIA,953,231,202,232
TIJUANA,4,7,1394,URBANO(A),56,31,56,25,103,57,83,54,NO,SWITCH,1,JOVENES,ALTA,1000,232,149,233
TIJUANA,4,7,1395,URBANO(A),65,44,56,27,107,64,101,58,NO,SWITCH,1,JOVENES,ALTA,948,230,129,231
TIJUANA,4,7,1396,URBANO(A),45,24,39,19,80,40,63,33,NO,SWITCH,1,JOVENES,ALTA,836,222,159,223
TIJUANA,4,7,1397,URBANO(A),55,28,56,20,78,51,61,48,NO,SWITCH,1,JOVENES,ALTA,963,252,191,253
TIJUANA,4,7,1398,URBANO(A),55,38,69,39,116,72,79,68,NO,SWITCH,1,JOVENES,ALTA,1120,306,227,307
TIJUANA,4,7,1399,URBANO(A),34,22,30,23,75,38,59,33,NO,SWITCH,1,JOVENES,ALTA,948,306,247,307
TIJUANA,4,7,1400,URBANO(A),31,12,15,13,62,29,22,55,NO,SWITCH,1,JOVENES,ALTA,748,116,94,117
TIJUANA,4,7,1401,URBANO(A),59,34,67,31,109,70,56,42,NO,SWITCH,1,JOVENES,ALTA,1077,253,197,254
TIJUANA,4,7,1402,URBANO(A),43,24,41,30,60,55,64,39,NO,SWITCH,1,JOVENES,ALTA,883,192,128,193
TIJUANA,4,7,1403,URBANO(A),48,30,40,26,89,56,62,45,NO,OPOSITOR,3,JOVENES,ALTA,930,261,199,262
TIJUANA,4,7,1404,URBANO(A),34,25,30,20,56,28,49,27,NO,SWITCH,1,JOVENES,ALTA,834,254,205,255
TIJUANA,4,7,1405,URBANO(A),52,31,48,25,91,52,78,56,NO,SWITCH,1,JOVENES,ALTA,1178,274,196,275
TIJUANA,4,7,1406,URBANO(A),41,32,41,14,61,31,50,35,NO,SWITCH,1,JOVENES,ALTA,1167,358,308,359
TIJUANA,4,7,1407,URBANO(A),19,7,17,16,47,26,35,22,NO,SWITCH,1,JOVENES,ALTA,1049,300,265,301
TIJUANA,4,7,1408,URBANO(A),35,23,53,11,46,15,30,19,NO,SWITCH,1,JOVENES,ALTA,661,211,181,212
TIJUANA,4,7,1409,URBANO(A),32,19,27,15,52,37,41,19,NO,OPOSITOR,3,JOVENES,MEDIA ALTA,977,257,216,258
TIJUANA,4,7,1410,URBANO(A),33,25,33,11,39,24,21,15,NO,SWITCH,1,MIXTO,MEDIA ALTA,922,279,258,280
TIJUANA,4,7,1411,URBANO(A),34,28,41,9,42,23,35,16,NO,SWITCH,1,JOVENES,MEDIA ALTA,999,321,286,322
TIJUANA,5,8,1412,URBANO(A),32,18,28,16,58,34,44,38,SI,SWITCH,1,POBLACION INDIGENA,MEDIA,1670,381,337,382
TIJUANA,5,8,1413,URBANO(A),57,46,50,25,68,41,55,53,SI,SWITCH,1,POBLACION INDIGENA,MEDIA,2306,489,434,490
TIJUANA,4,8,1414,URBANO(A),27,21,25,12,38,19,21,22,NO,SWITCH,1,POBLACION INDIGENA,MEDIA BAJA,1442,399,378,400
TIJUANA,4,8,1415,URBANO(A),48,33,35,29,61,32,39,31,NO,SWITCH,1,JOVENES,MEDIA,2126,543,504,544
TIJUANA,4,8,1416,URBANO(A),44,39,55,15,52,21,34,26,NO,SWITCH,1,POBLACION INDIGENA,MEDIA,1943,490,456,491
TIJUANA,4,8,1417,URBANO(A),29,23,34,10,40,16,19,14,NO,SWITCH,1,POBLACION INDIGENA,MEDIA,2236,495,476,496
TIJUANA,4,8,1418,URBANO(A),33,20,36,10,47,9,32,28,NO,SWITCH,1,POBLACION INDIGENA,MEDIA,1572,391,359,392
TIJUANA,5,8,1419,URBANO(A),39,23,34,19,41,35,40,37,SI,SWITCH,1,POBLACION INDIGENA,MEDIA,1921,274,234,275
TIJUANA,5,8,1420,URBANO(A),50,29,42,26,92,58,74,82,SI,SWITCH,1,JOVENES,MEDIA ALTA,1293,256,182,257
TIJUANA,4,7,1422,URBANO(A),62,55,64,25,55,44,31,11,NO,SWITCH,1,POBLACION INDIGENA,MEDIA BAJA,1387,382,351,383
TIJUANA,4,7,1423,URBANO(A),18,15,22,9,28,20,19,5,NO,SWITCH,1,POBLACION INDIGENA,MEDIA,995,261,242,262
TIJUANA,4,7,1424,URBANO(A),28,20,27,15,26,22,24,13,NO,OPOSITOR,3,POBLACION INDIGENA,MEDIA,1866,446,422,447
TIJUANA,4,7,1425,URBANO(A),42,43,47,20,52,29,23,11,NO,SWITCH,1,JOVENES,MEDIA,1866,485,462,486
TIJUANA,4,7,1426,URBANO(A),25,18,20,17,44,17,29,15,NO,SWITCH,1,JOVENES,MEDIA ALTA,1371,335,306,336
TIJUANA,4,7,1427,URBANO(A),38,26,40,24,58,40,23,22,NO,SWITCH,1,MIXTO,MEDIA ALTA,1949,556,533,557
TIJUANA,4,7,1428,URBANO(A),60,55,69,20,67,31,37,23,NO,SWITCH,1,POBLACION INDIGENA,MEDIA BAJA,2759,697,660,698
TIJUANA,4,7,1429,URBANO(A),29,23,26,14,35,13,26,6,NO,SWITCH,1,JOVENES,MEDIA,1730,401,375,402
TIJUANA,4,7,1430,URBANO(A),27,22,26,5,23,14,12,7,NO,SWITCH,1,JOVENES,MEDIA BAJA,923,185,173,186
TIJUANA,4,7,1431,URBANO(A),42,36,31,17,45,27,20,10,NO,SWITCH,1,JOVENES,MEDIA BAJA,2009,434,414,435
TIJUANA,4,7,1432,URBANO(A),24,27,28,7,39,22,27,11,NO,SWITCH,1,JOVENES,MEDIA,1473,352,325,353
TIJUANA,4,7,1433,URBANO(A),17,9,17,5,40,11,28,16,NO,SWITCH,1,JOVENES,MEDIA,1203,282,254,283
TIJUANA,4,6,1434,URBANO(A),45,38,41,13,41,17,32,17,NO,OPOSITOR,3,DISCAPACITADOS,MEDIA,1692,452,420,453
TIJUANA,4,6,1435,URBANO(A),20,15,22,8,32,11,16,8,NO,OPOSITOR,3,JOVENES,MEDIA BAJA,864,210,194,211
TIJUANA,4,6,1436,URBANO(A),36,33,34,20,46,20,17,11,NO,OPOSITOR,3,DISCAPACITADOS,MEDIA,1228,346,329,347
TIJUANA,4,6,1437,URBANO(A),25,25,30,11,35,20,31,23,NO,OPOSITOR,3,POBLACION INDIGENA,MEDIA,1164,303,272,304
TIJUANA,4,6,1438,URBANO(A),17,10,12,7,27,9,11,10,NO,SWITCH,1,POBLACION INDIGENA,MEDIA,1294,334,323,335
TIJUANA,4,6,1439,URBANO(A),41,31,39,19,48,25,14,13,NO,SWITCH,1,JOVENES,MEDIA BAJA,1147,284,270,285
TIJUANA,4,6,1440,URBANO(A),62,53,65,23,51,24,22,16,NO,SWITCH,1,JOVENES,MEDIA BAJA,2115,413,391,414
TIJUANA,4,6,1441,URBANO(A),34,29,31,15,38,19,22,16,NO,SWITCH,1,DISCAPACITADOS,MEDIA,1482,336,314,337
TIJUANA,4,6,1442,URBANO(A),21,19,19,20,33,13,18,12,NO,SWITCH,1,JOVENES,MEDIA,1472,192,174,193
TIJUANA,4,7,1443,URBANO(A),12,11,15,12,24,13,19,5,NO,OPOSITOR,3,JOVENES,MEDIA,920,210,191,211
TIJUANA,4,7,1444,URBANO(A),19,14,16,4,28,7,10,7,NO,SWITCH,1,DISCAPACITADOS,MEDIA,887,236,226,237
TIJUANA,4,7,1445,URBANO(A),21,18,21,8,25,15,20,6,NO,OPOSITOR,3,JOVENES,MEDIA,1177,240,220,241
TIJUANA,4,7,1446,URBANO(A),26,20,24,11,26,24,11,5,NO,SWITCH,1,DISCAPACITADOS,MEDIA,1035,269,258,270
TIJUANA,9,6,1447,URBANO(A),70,41,64,52,103,81,100,55,NO,SWITCH,1,POBLACION INDIGENA,MEDIA BAJA,4177,719,619,720
TIJUANA,9,6,1448,URBANO(A),25,19,24,19,41,32,25,11,NO,OPOSITOR,3,JOVENES,MEDIA BAJA,1742,339,314,340
TIJUANA,9,6,1449,URBANO(A),20,9,11,18,37,21,22,19,NO,SWITCH,1,JOVENES,MEDIA BAJA,1912,414,392,415
TIJUANA,9,6,1450,URBANO(A),23,22,21,13,37,21,14,12,NO,SWITCH,1,JOVENES,MEDIA BAJA,1949,271,257,272
TIJUANA,9,6,1451,URBANO(A),30,11,19,14,29,25,41,18,NO,SWITCH,1,JOVENES,MEDIA BAJA,2005,417,376,418
TIJUANA,9,6,1452,URBANO(A),27,26,25,10,32,16,15,6,NO,SWITCH,1,MIXTO,MEDIA,1492,327,312,328
TIJUANA,4,7,1453,URBANO(A),45,38,42,28,48,29,24,15,NO,SWITCH,1,POBLACION INDIGENA,MEDIA BAJA,1911,519,495,520
TIJUANA,4,7,1454,URBANO(A),11,10,11,5,29,20,24,16,NO,SWITCH,1,POBLACION INDIGENA,MEDIA,1365,343,319,344
TIJUANA,4,14,1455,URBANO(A),19,20,20,14,41,21,11,7,NO,SWITCH,1,JOVENES,MEDIA,1001,259,248,260
TIJUANA,4,14,1456,URBANO(A),19,12,18,9,21,14,23,14,NO,SWITCH,1,JOVENES,MEDIA,990,274,251,275
TIJUANA,4,14,1457,URBANO(A),21,14,18,13,20,14,19,11,NO,SWITCH,1,JOVENES,MEDIA,757,207,188,208
TIJUANA,4,14,1458,URBANO(A),24,17,16,19,34,21,15,8,NO,SWITCH,1,JOVENES,MEDIA,957,281,266,282
TIJUANA,4,14,1459,URBANO(A),15,12,13,9,30,18,23,14,NO,SWITCH,1,POBLACION INDIGENA,MEDIA,958,273,250,274
TIJUANA,4,14,1460,URBANO(A),28,18,23,13,49,20,37,25,NO,SWITCH,1,MIXTO,MEDIA,975,220,183,221
TIJUANA,4,14,1461,URBANO(A),17,11,13,5,26,13,18,6,NO,SWITCH,1,JOVENES,MEDIA,966,292,274,293
TIJUANA,4,14,1462,URBANO(A),25,18,30,15,51,18,17,15,NO,OPOSITOR,3,MIXTO,MEDIA,1032,336,319,337
TIJUANA,4,14,1463,URBANO(A),48,42,61,20,50,31,33,24,NO,SWITCH,1,JOVENES,MEDIA ALTA,1345,358,325,359
TIJUANA,4,14,1464,URBANO(A),21,16,24,13,35,24,39,18,NO,SWITCH,1,MIXTO,MEDIA ALTA,804,208,169,209
TIJUANA,4,14,1465,URBANO(A),22,15,21,22,46,34,28,18,NO,SWITCH,1,MIXTO,MEDIA ALTA,922,246,218,247
TIJUANA,4,14,1466,URBANO(A),15,9,14,13,36,17,21,14,NO,SWITCH,1,MIXTO,MEDIA ALTA,817,259,238,260
TIJUANA,4,14,1467,URBANO(A),16,10,23,12,40,17,45,30,NO,SWITCH,1,MIXTO,MEDIA ALTA,894,255,210,256
TIJUANA,4,14,1468,URBANO(A),16,14,17,10,38,16,29,21,NO,SWITCH,1,MIXTO,MEDIA ALTA,930,248,219,249
TIJUANA,4,14,1469,URBANO(A),29,29,31,13,30,17,28,12,NO,SWITCH,1,POBLACION INDIGENA,MEDIA ALTA,799,229,201,230
TIJUANA,4,14,1470,URBANO(A),36,26,37,19,37,32,46,34,NO,SWITCH,1,MIXTO,MEDIA ALTA,1441,384,338,385
TIJUANA,4,14,1471,URBANO(A),22,12,21,11,29,18,31,11,NO,SWITCH,1,MIXTO,MEDIA,856,231,200,232
TIJUANA,4,14,1472,URBANO(A),36,21,29,17,38,30,35,19,NO,SWITCH,1,JOVENES,MEDIA,1296,317,282,318
TIJUANA,4,14,1473,URBANO(A),17,15,17,12,39,20,13,11,NO,SWITCH,1,MIXTO,MEDIA,966,247,234,248
TIJUANA,4,14,1474,URBANO(A),12,7,6,8,24,8,12,8,NO,SWITCH,1,JOVENES,MEDIA,745,173,161,174
TIJUANA,4,14,1475,URBANO(A),18,10,15,9,27,13,12,10,NO,SWITCH,1,JOVENES,MEDIA,530,210,198,211
TIJUANA,4,14,1476,URBANO(A),20,20,28,17,39,26,20,15,NO,SWITCH,1,MIXTO,MEDIA,739,180,160,181
TIJUANA,4,14,1477,URBANO(A),20,19,23,12,33,13,32,17,NO,SWITCH,1,JOVENES,MEDIA,909,213,181,214
TIJUANA,4,14,1478,URBANO(A),15,10,14,15,37,21,24,20,NO,SWITCH,1,DISCAPACITADOS,ALTA,541,172,148,173
TIJUANA,4,14,1479,URBANO(A),51,29,38,26,69,45,73,32,NO,SWITCH,1,JOVENES,ALTA,1397,450,377,451
TIJUANA,4,14,1480,URBANO(A),26,22,21,10,27,15,29,15,NO,OPOSITOR,3,DISCAPACITADOS,ALTA,706,196,167,197
TIJUANA,4,14,1481,URBANO(A),23,10,13,7,47,24,28,17,NO,OPOSITOR,3,JOVENES,ALTA,1222,388,360,389
TIJUANA,4,14,1482,URBANO(A),33,21,33,21,64,36,50,27,NO,OPOSITOR,3,JOVENES,ALTA,1305,393,343,394
TIJUANA,4,14,1483,URBANO(A),14,11,17,8,27,13,29,19,NO,SWITCH,1,JOVENES,ALTA,875,263,234,264
TIJUANA,6,11,1484,MIXTO(A),277,106,205,274,568,431,627,677,NO,SWITCH,1,MIXTO,MEDIA ALTA,4151,542,-85,543
TIJUANA,6,11,1486,URBANO(A),27,20,28,12,38,23,36,33,NO,SWITCH,1,JOVENES,MEDIA,1287,352,316,353
TIJUANA,6,11,1487,URBANO(A),39,35,37,24,38,31,21,24,NO,SWITCH,1,MIXTO,MEDIA ALTA,951,275,254,276
TIJUANA,6,11,1488,URBANO(A),47,35,50,23,60,35,30,29,NO,SWITCH,1,JOVENES,MEDIA,1327,351,321,352
TIJUANA,6,11,1489,URBANO(A),35,33,33,14,48,23,29,21,NO,SWITCH,1,JOVENES,MEDIA ALTA,866,208,179,209
TIJUANA,6,11,1490,URBANO(A),45,22,32,12,57,41,48,27,NO,SWITCH,1,JOVENES,MEDIA,1575,402,354,403
TIJUANA,6,11,1491,URBANO(A),49,34,45,20,67,32,43,32,NO,SWITCH,1,MIXTO,MEDIA,1114,279,236,280
TIJUANA,6,11,1492,URBANO(A),49,45,54,14,49,19,30,26,NO,SWITCH,1,JOVENES,MEDIA,1289,353,323,354
TIJUANA,6,11,1493,URBANO(A),52,20,49,28,106,67,86,86,NO,SWITCH,1,DISCAPACITADOS,MEDIA,1112,261,175,262
TIJUANA,6,11,1494,URBANO(A),46,24,43,26,80,48,54,54,NO,SWITCH,1,MIXTO,ALTA,767,183,129,184
TIJUANA,6,11,1495,URBANO(A),45,27,38,16,47,28,43,29,NO,SWITCH,1,MIXTO,MEDIA ALTA,913,251,208,252
TIJUANA,6,11,1496,URBANO(A),21,17,23,13,55,32,46,34,NO,SWITCH,1,JOVENES,ALTA,805,211,165,212
TIJUANA,6,11,1497,RURAL,302,107,236,284,720,539,850,875,NO,SWITCH,1,ADULTOS MAYORES,ALTA,5562,549,-301,550
TIJUANA,6,11,1500,URBANO(A),45,24,38,29,90,56,83,68,NO,SWITCH,1,MIXTO,ALTA,1100,280,197,281
TIJUANA,6,11,1501,URBANO(A),31,20,31,17,85,37,89,60,NO,SWITCH,1,MIXTO,ALTA,844,201,112,202
TIJUANA,6,11,1502,URBANO(A),65,30,72,45,138,89,145,130,NO,SWITCH,1,MIXTO,ALTA,1037,239,94,240
TIJUANA,6,11,1503,URBANO(A),132,63,69,75,212,90,151,164,NO,SWITCH,1,MIXTO,ALTA,941,304,153,305
TIJUANA,6,11,1504,URBANO(A),61,36,53,33,114,60,117,110,NO,SWITCH,1,MIXTO,ALTA,1606,362,245,363
TIJUANA,6,11,1505,URBANO(A),39,29,39,24,82,40,79,76,NO,SWITCH,1,JOVENES,MEDIA ALTA,1268,342,263,343
TIJUANA,6,11,1506,URBANO(A),37,25,39,24,56,37,58,54,NO,SWITCH,1,JOVENES,ALTA,630,161,103,162
TIJUANA,6,11,1507,URBANO(A),48,20,34,21,79,48,74,77,NO,SWITCH,1,MIXTO,ALTA,658,115,41,116
TIJUANA,6,11,1508,URBANO(A),43,12,38,21,84,47,82,86,NO,SWITCH,1,MIXTO,ALTA,755,180,98,181
TIJUANA,6,11,1509,URBANO(A),27,14,30,10,36,19,34,43,NO,SWITCH,1,JOVENES,ALTA,445,122,88,123
TIJUANA,6,11,1510,URBANO(A),36,23,31,18,50,34,55,46,NO,SWITCH,1,MIXTO,MEDIA ALTA,765,227,172,228
TIJUANA,6,11,1511,URBANO(A),40,25,39,18,60,33,68,58,NO,SWITCH,1,JOVENES,MEDIA ALTA,986,213,145,214
TIJUANA,6,11,1512,URBANO(A),36,26,36,11,54,20,47,42,NO,OPOSITOR,3,JOVENES,MEDIA ALTA,685,180,133,181
TIJUANA,6,11,1513,URBANO(A),36,29,46,13,46,26,35,40,NO,SWITCH,1,JOVENES,MEDIA ALTA,509,122,87,123
TIJUANA,6,11,1514,URBANO(A),38,20,28,18,54,33,46,42,NO,SWITCH,1,JOVENES,ALTA,615,147,101,148
TIJUANA,6,11,1515,URBANO(A),45,30,44,22,83,51,76,55,NO,SWITCH,1,MIXTO,ALTA,744,163,87,164
TIJUANA,6,11,1516,URBANO(A),34,27,36,24,61,36,58,57,NO,SWITCH,1,MIXTO,ALTA,809,229,171,230
TIJUANA,6,11,1517,URBANO(A),31,25,33,11,46,18,45,41,NO,SWITCH,1,POBLACION INDIGENA,ALTA,681,197,152,198
TIJUANA,6,11,1518,URBANO(A),79,42,71,43,186,101,159,133,NO,SWITCH,1,MIXTO,ALTA,2104,462,303,463
TIJUANA,6,11,1519,URBANO(A),54,27,45,38,125,82,101,94,NO,SWITCH,1,MIXTO,ALTA,1015,229,128,230
TIJUANA,6,11,1521,URBANO(A),34,22,38,11,70,32,79,66,NO,SWITCH,1,MIXTO,ALTA,982,319,240,320
TIJUANA,6,11,1522,URBANO(A),36,16,30,29,95,54,98,62,NO,SWITCH,1,MIXTO,ALTA,1538,436,338,437
TIJUANA,6,11,1523,URBANO(A),179,89,152,114,393,267,355,308,NO,SWITCH,1,MIXTO,ALTA,3486,776,421,777
TIJUANA,6,11,1524,RURAL,60,24,58,42,156,97,184,137,NO,SWITCH,1,MIXTO,MEDIA,2887,533,349,534
TIJUANA,6,11,1525,RURAL,46,29,31,23,54,36,60,51,NO,SWITCH,1,DISCAPACITADOS,MEDIA,1762,352,292,353
TIJUANA,4,7,1526,URBANO(A),49,35,43,27,73,44,52,31,NO,SWITCH,1,MIXTO,ALTA,1519,420,368,421
TIJUANA,4,7,1527,URBANO(A),26,15,26,19,54,31,27,11,NO,SWITCH,1,MIXTO,ALTA,1162,376,349,377
TIJUANA,4,7,1528,URBANO(A),43,33,46,20,42,29,24,13,NO,SWITCH,1,POBLACION INDIGENA,MEDIA,1342,308,284,309
TIJUANA,4,8,1529,URBANO(A),42,26,41,16,90,48,83,75,NO,SWITCH,1,MIXTO,ALTA,1548,402,319,403
TIJUANA,4,8,1530,URBANO(A),48,24,37,21,114,51,72,81,NO,SWITCH,1,MIXTO,ALTA,1424,365,293,366
TIJUANA,4,7,1531,URBANO(A),21,17,28,15,32,18,20,6,NO,SWITCH,1,POBLACION INDIGENA,MEDIA,1246,330,310,331
TIJUANA,4,8,1532,URBANO(A),47,29,46,18,92,53,60,53,NO,SWITCH,1,MIXTO,ALTA,1545,456,396,457
TIJUANA,4,7,1533,URBANO(A),32,28,38,10,41,20,31,21,NO,SWITCH,1,POBLACION INDIGENA,MEDIA,1199,290,259,291
TIJUANA,4,7,1534,URBANO(A),24,20,20,21,37,24,12,14,NO,SWITCH,1,POBLACION INDIGENA,MEDIA,887,217,205,218
TIJUANA,4,7,1535,URBANO(A),15,10,15,6,28,12,19,9,NO,SWITCH,1,POBLACION INDIGENA,MEDIA,669,172,153,173
TIJUANA,4,7,1536,URBANO(A),21,18,21,14,34,19,8,7,NO,SWITCH,1,POBLACION INDIGENA,MEDIA,818,190,182,191
TIJUANA,4,7,1537,URBANO(A),35,21,39,18,36,24,21,19,NO,SWITCH,1,POBLACION INDIGENA,MEDIA,752,176,155,177
TIJUANA,4,7,1538,URBANO(A),39,37,40,28,67,41,33,27,NO,SWITCH,1,POBLACION INDIGENA,MEDIA,1192,251,218,252
TIJUANA,4,7,1539,URBANO(A),26,15,21,17,38,28,18,11,NO,SWITCH,1,POBLACION INDIGENA,MEDIA,1288,322,304,323
TIJUANA,4,7,1540,URBANO(A),21,21,21,17,34,27,22,12,NO,SWITCH,1,POBLACION INDIGENA,MEDIA,822,225,203,226
TIJUANA,4,7,1541,URBANO(A),47,37,53,22,71,26,30,20,NO,SWITCH,1,POBLACION INDIGENA,MEDIA,1019,261,231,262
TIJUANA,4,7,1542,URBANO(A),44,37,48,28,55,44,21,15,NO,SWITCH,1,POBLACION INDIGENA,MEDIA BAJA,915,269,248,270
TIJUANA,4,7,1543,URBANO(A),28,20,25,6,27,15,17,12,NO,SWITCH,1,POBLACION INDIGENA,MEDIA,870,229,212,230
TIJUANA,4,7,1544,URBANO(A),18,19,17,7,23,11,11,8,NO,SWITCH,1,POBLACION INDIGENA,MEDIA BAJA,808,222,211,223
TIJUANA,4,7,1545,URBANO(A),21,12,21,10,23,16,17,21,NO,SWITCH,1,POBLACION INDIGENA,MEDIA BAJA,968,196,179,197
TIJUANA,4,7,1546,URBANO(A),33,23,32,16,34,20,14,6,NO,SWITCH,1,POBLACION INDIGENA,MEDIA BAJA,761,204,190,205
TIJUANA,4,7,1547,URBANO(A),19,16,24,9,18,10,10,3,NO,SWITCH,1,POBLACION INDIGENA,MEDIA,587,139,129,140
TIJUANA,4,7,1548,URBANO(A),20,19,19,9,23,14,20,12,NO,SWITCH,1,POBLACION INDIGENA,MEDIA BAJA,710,179,159,180
TIJUANA,4,7,1549,URBANO(A),11,11,10,12,27,10,25,10,NO,SWITCH,1,POBLACION INDIGENA,MEDIA,612,155,130,156
TIJUANA,4,7,1550,URBANO(A),34,22,26,17,33,23,20,8,NO,SWITCH,1,POBLACION INDIGENA,MEDIA BAJA,808,238,218,239
TIJUANA,4,7,1551,URBANO(A),22,15,18,15,36,18,20,7,NO,SWITCH,1,POBLACION INDIGENA,MEDIA,688,173,153,174
TIJUANA,4,7,1552,URBANO(A),32,26,37,16,40,27,24,11,NO,SWITCH,1,POBLACION INDIGENA,MEDIA,753,178,154,179
TIJUANA,4,7,1553,URBANO(A),22,16,24,9,21,13,11,5,NO,SWITCH,1,POBLACION INDIGENA,MEDIA,789,229,218,230
TIJUANA,4,7,1554,URBANO(A),10,7,12,6,21,17,17,11,NO,SWITCH,1,JOVENES,MEDIA,803,198,181,199
TIJUANA,4,7,1555,URBANO(A),19,18,23,12,35,18,30,12,NO,SWITCH,1,POBLACION INDIGENA,MEDIA,892,244,214,245
TIJUANA,4,7,1556,URBANO(A),27,16,29,14,35,26,16,12,NO,SWITCH,1,ADULTOS MAYORES,MEDIA,550,118,102,119
TIJUANA,4,7,1557,URBANO(A),52,40,50,30,69,47,35,31,NO,SWITCH,1,MIXTO,MEDIA,795,180,145,181
TIJUANA,4,7,1558,URBANO(A),35,25,39,24,51,39,37,29,NO,SWITCH,1,MIXTO,MEDIA,889,204,167,205
TIJUANA,4,7,1559,URBANO(A),38,22,41,20,63,51,68,61,NO,SWITCH,1,DISCAPACITADOS,ALTA,628,189,121,190
TIJUANA,4,7,1560,URBANO(A),139,89,85,23,152,71,71,49,NO,SWITCH,1,JOVENES,ALTA,580,144,73,145
TIJUANA,4,7,1561,URBANO(A),38,15,38,19,54,39,45,31,NO,SWITCH,1,JOVENES,ALTA,748,168,123,169
TIJUANA,4,7,1562,URBANO(A),45,23,40,30,70,47,77,55,NO,SWITCH,1,MIXTO,ALTA,711,169,92,170
TIJUANA,4,7,1563,URBANO(A),45,24,40,34,78,61,68,47,NO,SWITCH,1,MIXTO,MEDIA ALTA,600,133,65,134
TIJUANA,4,7,1564,URBANO(A),62,30,52,24,105,57,79,61,NO,SWITCH,1,MIXTO,ALTA,687,162,83,163
TIJUANA,4,7,1565,URBANO(A),59,32,61,50,102,63,104,69,NO,SWITCH,1,JOVENES,ALTA,772,185,81,186
TIJUANA,4,7,1566,URBANO(A),19,10,19,10,42,33,53,33,NO,SWITCH,1,JOVENES,ALTA,566,135,82,136
TIJUANA,4,7,1567,URBANO(A),46,30,48,27,91,60,71,61,NO,SWITCH,1,MIXTO,ALTA,765,192,121,193
TIJUANA,4,7,1568,URBANO(A),44,28,33,26,84,53,72,48,NO,SWITCH,1,JOVENES,ALTA,730,163,91,164
TIJUANA,4,7,1569,URBANO(A),42,27,32,32,87,57,67,33,NO,SWITCH,1,JOVENES,ALTA,636,152,85,153
TIJUANA,4,7,1570,URBANO(A),40,23,35,22,69,44,42,30,NO,SWITCH,1,JOVENES,ALTA,496,122,80,123
TIJUANA,4,7,1571,URBANO(A),41,26,36,18,104,62,98,71,NO,SWITCH,1,MIXTO,ALTA,938,230,132,231
TIJUANA,4,7,1572,URBANO(A),34,23,34,20,56,36,33,19,NO,SWITCH,1,JOVENES,ALTA,490,126,93,127
TIJUANA,4,7,1573,URBANO(A),45,26,45,15,72,43,57,42,NO,SWITCH,1,JOVENES,ALTA,772,210,153,211
TIJUANA,4,7,1574,URBANO(A),28,23,29,15,51,27,23,23,NO,SWITCH,1,JOVENES,ALTA,685,156,133,157
TIJUANA,4,7,1575,URBANO(A),38,19,40,8,50,27,34,26,NO,SWITCH,1,MIXTO,ALTA,529,168,134,169
TIJUANA,4,7,1576,URBANO(A),31,22,31,15,58,33,49,31,NO,SWITCH,1,JOVENES,ALTA,735,202,153,203
TIJUANA,4,7,1577,URBANO(A),35,19,33,17,47,33,44,30,NO,SWITCH,1,MIXTO,ALTA,625,151,107,152
TIJUANA,4,7,1578,URBANO(A),29,20,29,12,48,30,60,39,NO,SWITCH,1,MIXTO,ALTA,812,233,173,234
TIJUANA,4,7,1579,URBANO(A),21,16,17,5,18,7,20,10,NO,OPOSITOR,3,MIXTO,ALTA,506,162,142,163
TIJUANA,4,7,1580,URBANO(A),30,18,28,21,71,38,55,44,NO,SWITCH,1,MIXTO,ALTA,890,212,157,213
TIJUANA,4,7,1581,URBANO(A),45,25,42,19,60,35,47,34,NO,OPOSITOR,3,MIXTO,MEDIA ALTA,795,224,177,225
TIJUANA,4,7,1582,URBANO(A),28,15,18,9,60,22,35,23,NO,SWITCH,1,JOVENES,ALTA,665,182,147,183
TIJUANA,4,7,1583,URBANO(A),13,7,12,6,36,14,4,13,NO,OPOSITOR,3,DISCAPACITADOS,MEDIA ALTA,779,99,95,100
TIJUANA,4,7,1584,URBANO(A),18,17,21,10,30,14,38,18,NO,OPOSITOR,3,DISCAPACITADOS,MEDIA ALTA,1057,318,280,319
TIJUANA,4,7,1585,URBANO(A),29,29,33,15,40,19,53,33,NO,SWITCH,1,DISCAPACITADOS,MEDIA,996,236,183,237
TIJUANA,4,7,1586,URBANO(A),53,22,32,29,68,43,43,31,NO,SWITCH,1,POBLACION INDIGENA,MEDIA ALTA,1205,339,296,340
TIJUANA,4,7,1587,URBANO(A),26,9,20,15,44,17,27,17,NO,OPOSITOR,3,POBLACION INDIGENA,MEDIA ALTA,1082,322,295,323
TIJUANA,4,7,1588,URBANO(A),14,6,9,15,28,4,17,11,NO,OPOSITOR,3,MIXTO,MEDIA ALTA,778,247,230,248
TIJUANA,4,7,1589,URBANO(A),24,13,27,9,31,17,3,16,NO,SWITCH,1,DISCAPACITADOS,MEDIA ALTA,608,154,151,155
TIJUANA,4,7,1590,URBANO(A),26,15,22,12,47,21,38,20,NO,OPOSITOR,3,MIXTO,ALTA,992,307,269,308
TIJUANA,4,7,1591,URBANO(A),23,16,23,15,33,22,24,14,NO,OPOSITOR,3,DISCAPACITADOS,MEDIA ALTA,1063,272,248,273
TIJUANA,4,7,1592,URBANO(A),19,11,20,8,0,23,31,12,NO,SWITCH,1,DISCAPACITADOS,MEDIA,823,192,161,193
TIJUANA,4,7,1593,URBANO(A),46,21,38,14,71,30,49,39,NO,SWITCH,1,MIXTO,ALTA,988,258,209,259
TIJUANA,4,7,1594,URBANO(A),14,9,12,8,16,6,16,12,NO,OPOSITOR,3,POBLACION INDIGENA,MEDIA,759,166,150,167
TIJUANA,4,7,1595,URBANO(A),43,32,33,24,76,38,54,35,NO,SWITCH,1,JOVENES,ALTA,1042,341,287,342
TIJUANA,4,7,1596,URBANO(A),23,16,22,6,48,10,32,20,NO,SWITCH,1,JOVENES,ALTA,842,254,222,255
TIJUANA,4,7,1597,URBANO(A),58,25,58,18,61,37,47,20,NO,SWITCH,1,JOVENES,ALTA,818,270,223,271
TIJUANA,4,7,1598,URBANO(A),47,37,51,13,30,31,50,45,NO,SWITCH,1,JOVENES,ALTA,798,202,152,203
TIJUANA,4,7,1599,URBANO(A),31,17,21,14,43,24,22,17,NO,SWITCH,1,JOVENES,MEDIA ALTA,657,191,169,192
TIJUANA,4,7,1600,URBANO(A),34,31,42,18,80,44,38,20,NO,SWITCH,1,JOVENES,ALTA,1119,395,357,396
TIJUANA,4,7,1601,URBANO(A),35,29,42,21,61,36,43,31,NO,SWITCH,1,JOVENES,ALTA,1068,306,263,307
TIJUANA,4,7,1602,URBANO(A),42,22,41,17,75,36,36,25,NO,SWITCH,1,JOVENES,ALTA,885,245,209,246
TIJUANA,4,7,1603,URBANO(A),40,30,41,18,70,34,45,38,NO,SWITCH,1,JOVENES,ALTA,1063,289,244,290
TIJUANA,4,7,1604,URBANO(A),18,8,22,9,36,21,27,21,NO,SWITCH,1,JOVENES,ALTA,834,294,267,295
TIJUANA,4,7,1605,URBANO(A),46,25,38,18,56,28,226,28,NO,OPOSITOR,3,JOVENES,ALTA,1147,319,93,320
TIJUANA,4,7,1606,URBANO(A),21,17,31,5,5,16,25,17,NO,SWITCH,1,JOVENES,MEDIA ALTA,718,212,187,213
TIJUANA,4,7,1607,URBANO(A),29,16,28,8,35,18,23,16,NO,SWITCH,1,JOVENES,ALTA,739,242,219,243
TIJUANA,4,7,1608,URBANO(A),26,16,35,18,31,25,39,18,NO,SWITCH,1,JOVENES,ALTA,1042,343,304,344
TIJUANA,4,7,1609,URBANO(A),57,36,51,13,66,26,35,17,NO,SWITCH,1,JOVENES,ALTA,808,264,229,265
TIJUANA,4,7,1610,URBANO(A),28,16,28,15,27,23,40,20,NO,SWITCH,1,JOVENES,ALTA,637,225,185,226
TIJUANA,4,7,1611,URBANO(A),17,15,22,11,47,20,22,15,NO,SWITCH,1,JOVENES,ALTA,690,221,199,222
TIJUANA,4,7,1612,URBANO(A),26,18,29,17,65,33,38,21,NO,SWITCH,1,JOVENES,ALTA,1049,358,320,359
TIJUANA,4,7,1613,URBANO(A),35,24,27,18,28,35,44,35,NO,SWITCH,1,JOVENES,ALTA,1016,309,265,310
TIJUANA,4,7,1614,URBANO(A),38,22,41,9,41,16,130,12,NO,OPOSITOR,3,JOVENES,ALTA,826,240,110,241
TIJUANA,4,7,1615,URBANO(A),41,26,35,25,87,52,62,35,NO,SWITCH,1,JOVENES,ALTA,1745,529,467,530
TIJUANA,4,7,1616,URBANO(A),25,14,19,13,40,22,31,19,NO,SWITCH,1,MIXTO,ALTA,871,235,204,236
TIJUANA,4,7,1617,URBANO(A),28,11,17,16,38,26,41,29,NO,SWITCH,1,MIXTO,ALTA,891,267,226,268
TIJUANA,4,7,1618,URBANO(A),36,22,35,17,69,38,48,26,NO,SWITCH,1,JOVENES,ALTA,1348,424,376,425
TIJUANA,4,7,1619,URBANO(A),20,16,21,20,50,28,42,17,NO,SWITCH,1,POBLACION INDIGENA,ALTA,1499,466,424,467
TIJUANA,4,7,1620,URBANO(A),27,15,18,15,50,27,32,19,NO,SWITCH,1,JOVENES,ALTA,872,287,255,288
TIJUANA,4,7,1621,URBANO(A),57,38,32,23,72,19,26,19,NO,SWITCH,1,POBLACION INDIGENA,MEDIA,1069,229,203,230
TIJUANA,4,7,1622,URBANO(A),52,28,39,20,61,31,36,17,NO,SWITCH,1,MIXTO,ALTA,1140,390,354,391
TIJUANA,4,7,1623,URBANO(A),22,14,15,10,33,18,32,19,NO,OPOSITOR,3,MIXTO,ALTA,610,180,148,181
TIJUANA,4,7,1624,URBANO(A),50,26,36,37,92,53,74,42,NO,SWITCH,1,JOVENES,MEDIA ALTA,2543,677,603,678
TIJUANA,4,7,1625,URBANO(A),22,17,19,13,36,21,31,22,NO,SWITCH,1,JOVENES,ALTA,1053,310,279,311
TIJUANA,4,7,1626,URBANO(A),22,4,13,13,44,19,27,15,NO,SWITCH,1,MIXTO,ALTA,1121,395,368,396
TIJUANA,4,7,1627,URBANO(A),37,20,30,29,80,45,52,36,NO,SWITCH,1,DISCAPACITADOS,MEDIA,1047,217,165,218
TIJUANA,4,7,1628,URBANO(A),34,26,32,26,72,38,77,40,NO,SWITCH,1,MIXTO,ALTA,1620,491,414,492
TIJUANA,4,7,1629,URBANO(A),34,15,38,13,55,25,267,28,NO,SWITCH,1,MIXTO,ALTA,1290,374,107,375
TIJUANA,4,7,1630,URBANO(A),41,16,32,25,102,61,67,44,NO,SWITCH,1,MIXTO,ALTA,1274,352,285,353
TIJUANA,4,7,1631,URBANO(A),41,21,26,27,79,46,64,51,NO,SWITCH,1,MIXTO,ALTA,1404,393,329,394
TIJUANA,4,7,1632,URBANO(A),53,30,36,26,109,50,69,44,NO,OPOSITOR,3,MIXTO,ALTA,2235,718,649,719
TIJUANA,4,7,1633,URBANO(A),36,19,25,19,48,31,48,36,NO,SWITCH,1,MIXTO,ALTA,1804,579,531,580
TIJUANA,4,7,1634,URBANO(A),25,17,15,17,44,23,34,24,NO,SWITCH,1,POBLACION INDIGENA,ALTA,1426,452,418,453
TIJUANA,4,7,1635,URBANO(A),44,21,31,22,59,35,41,26,NO,SWITCH,1,MIXTO,ALTA,1357,447,406,448
TIJUANA,4,7,1636,URBANO(A),33,10,20,15,53,35,34,23,NO,OPOSITOR,3,MIXTO,ALTA,901,276,242,277
TIJUANA,4,7,1637,URBANO(A),32,18,25,9,36,15,26,13,NO,SWITCH,1,MIXTO,MEDIA,1047,237,211,238
TIJUANA,4,7,1638,URBANO(A),29,21,27,18,36,27,37,27,NO,SWITCH,1,POBLACION INDIGENA,MEDIA,721,166,129,167
TIJUANA,4,7,1639,URBANO(A),19,11,20,18,50,33,38,22,NO,SWITCH,1,JOVENES,MEDIA,1419,318,280,319
TIJUANA,4,7,1640,URBANO(A),28,24,30,14,43,22,16,7,NO,SWITCH,1,JOVENES,MEDIA,919,217,201,218
TIJUANA,4,7,1641,URBANO(A),35,23,41,15,68,29,44,31,NO,SWITCH,1,MIXTO,MEDIA ALTA,1396,342,298,343
MEXICALI,2,3,1642,URBANO(A),237,271,238,107,304,256,495,415,SI,SWITCH,1,MIXTO,ALTA,1773,358,-137,359
MEXICALI,2,3,1643,URBANO(A),161,172,155,65,165,137,256,215,SI,SWITCH,1,MIXTO,ALTA,776,163,-93,164
MEXICALI,2,3,1644,URBANO(A),166,169,150,66,169,139,286,249,SI,SWITCH,1,MIXTO,ALTA,1445,306,20,307
MEXICALI,2,3,1645,URBANO(A),196,190,171,65,188,162,336,290,SI,SWITCH,1,MIXTO,ALTA,1172,260,-76,261
MEXICALI,2,3,1646,URBANO(A),65,71,62,33,62,51,95,91,SI,SWITCH,1,JOVENES,ALTA,870,217,122,218
MEXICALI,2,3,1647,URBANO(A),152,148,113,40,126,103,161,117,SI,SWITCH,1,JOVENES,ALTA,1779,487,326,488
MEXICALI,2,3,1648,URBANO(A),137,134,136,55,134,101,193,146,SI,SWITCH,1,MIXTO,ALTA,1482,349,156,350
MEXICALI,2,3,1649,URBANO(A),66,70,53,23,63,59,86,72,SI,OPOSITOR,3,JOVENES,ALTA,1128,317,231,318
MEXICALI,2,3,1650,URBANO(A),121,115,112,31,113,88,176,145,SI,OPOSITOR,3,MIXTO,ALTA,1486,392,216,393
MEXICALI,2,3,1651,URBANO(A),152,156,144,59,156,107,209,157,SI,SWITCH,1,MIXTO,ALTA,1787,488,279,489
MEXICALI,2,3,1652,URBANO(A),118,97,75,44,104,80,149,116,SI,OPOSITOR,3,JOVENES,ALTA,1579,398,249,399
MEXICALI,2,3,1653,URBANO(A),94,84,77,28,102,74,165,124,SI,SWITCH,1,MIXTO,ALTA,1661,428,263,429
MEXICALI,2,3,1654,URBANO(A),88,77,79,22,85,61,104,93,SI,SWITCH,1,MIXTO,ALTA,1253,346,242,347
MEXICALI,2,3,1655,URBANO(A),96,92,63,29,74,49,100,82,SI,OPOSITOR,3,MIXTO,ALTA,1184,322,222,323
MEXICALI,2,3,1656,URBANO(A),73,77,65,23,72,63,125,103,SI,SWITCH,1,JOVENES,ALTA,1271,291,166,292
MEXICALI,2,3,1657,URBANO(A),134,135,110,38,115,89,171,141,SI,OPOSITOR,3,JOVENES,ALTA,1719,484,313,485
MEXICALI,2,5,1658,URBANO(A),72,87,72,30,77,67,153,108,SI,SWITCH,1,MIXTO,MEDIA ALTA,1880,461,308,462
MEXICALI,2,3,1659,URBANO(A),74,84,71,29,75,64,145,112,SI,SWITCH,1,JOVENES,ALTA,1300,325,180,326
MEXICALI,2,5,1660,URBANO(A),63,79,62,26,72,60,104,82,SI,SWITCH,1,MIXTO,MEDIA ALTA,1157,267,163,268
MEXICALI,2,3,1661,URBANO(A),47,60,39,15,53,35,67,59,SI,SWITCH,1,JOVENES,MEDIA ALTA,916,228,161,229
MEXICALI,7,5,1662,URBANO(A),59,61,54,27,69,61,110,84,NO,OPOSITOR,3,MIXTO,MEDIA ALTA,1175,267,157,268
MEXICALI,7,5,1663,URBANO(A),97,99,91,25,98,68,98,81,NO,OPOSITOR,3,MIXTO,ALTA,1465,364,266,365
MEXICALI,7,5,1664,URBANO(A),43,55,41,13,48,39,91,69,NO,OPOSITOR,3,MIXTO,MEDIA ALTA,1254,335,244,336
MEXICALI,7,5,1665,URBANO(A),58,67,56,25,55,46,90,60,NO,OPOSITOR,3,MIXTO,MEDIA ALTA,1441,341,251,342
MEXICALI,7,5,1666,URBANO(A),57,61,47,24,49,35,79,57,NO,OPOSITOR,3,MIXTO,ALTA,1255,304,225,305
MEXICALI,7,5,1667,URBANO(A),56,62,56,18,54,37,61,51,NO,OPOSITOR,3,MIXTO,MEDIA ALTA,1384,304,243,305
MEXICALI,7,5,1668,URBANO(A),75,77,66,15,48,35,70,70,NO,OPOSITOR,3,MIXTO,MEDIA ALTA,972,241,171,242
MEXICALI,7,5,1669,URBANO(A),55,66,52,16,46,31,79,70,NO,OPOSITOR,3,MIXTO,MEDIA ALTA,1033,190,111,191
MEXICALI,7,5,1670,URBANO(A),75,77,57,8,51,23,99,74,NO,OPOSITOR,3,MIXTO,MEDIA ALTA,1119,268,169,269
MEXICALI,7,5,1671,URBANO(A),53,64,49,22,49,39,80,65,NO,OPOSITOR,3,MIXTO,MEDIA ALTA,1595,374,294,375
MEXICALI,7,5,1672,URBANO(A),34,40,34,15,43,30,72,52,NO,OPOSITOR,3,MIXTO,MEDIA ALTA,1437,299,227,300
MEXICALI,7,5,1673,URBANO(A),49,50,40,14,49,35,81,60,NO,OPOSITOR,3,MIXTO,ALTA,980,232,151,233
MEXICALI,7,5,1674,URBANO(A),200,208,176,56,174,144,320,277,NO,SWITCH,1,MIXTO,ALTA,1849,334,14,335
MEXICALI,7,5,1675,URBANO(A),45,49,36,18,45,32,72,47,NO,OPOSITOR,3,MIXTO,MEDIA ALTA,1450,318,246,319
MEXICALI,7,5,1676,URBANO(A),54,58,52,22,62,45,85,54,NO,OPOSITOR,3,MIXTO,MEDIA ALTA,1561,361,276,362
MEXICALI,7,5,1677,URBANO(A),114,128,92,40,118,76,205,153,NO,SWITCH,1,MIXTO,ALTA,3120,692,487,693
TIJUANA,8,13,1678,URBANO(A),50,27,53,33,88,60,80,71,NO,SWITCH,1,MIXTO,MEDIA ALTA,1370,244,164,245
TIJUANA,8,13,1679,URBANO(A),29,11,34,15,58,43,51,51,NO,SWITCH,1,ADULTOS MAYORES,MEDIA ALTA,761,180,129,181
TIJUANA,8,13,1680,URBANO(A),21,10,22,11,34,17,30,25,NO,OPOSITOR,3,JOVENES,MEDIA,918,231,201,232
TIJUANA,8,13,1681,URBANO(A),38,20,44,14,0,24,29,15,NO,SWITCH,1,JOVENES,MEDIA,1067,269,240,270
TIJUANA,8,13,1682,URBANO(A),22,15,26,5,29,15,22,16,NO,SWITCH,1,JOVENES,MEDIA,884,243,221,244
TIJUANA,8,13,1683,URBANO(A),13,10,13,3,13,6,12,11,NO,SWITCH,1,POBLACION INDIGENA,MEDIA BAJA,891,203,191,204
TIJUANA,8,13,1684,URBANO(A),20,14,19,6,15,7,11,7,NO,SWITCH,1,MIXTO,MEDIA BAJA,573,159,148,160
TIJUANA,8,13,1685,URBANO(A),29,24,31,2,16,9,21,18,NO,SWITCH,1,POBLACION INDIGENA,MEDIA BAJA,925,206,185,207
TIJUANA,8,13,1686,URBANO(A),9,14,7,4,12,7,12,6,NO,OPOSITOR,3,POBLACION INDIGENA,MEDIA BAJA,557,129,117,130
TIJUANA,8,13,1687,URBANO(A),13,7,14,5,13,9,9,7,NO,OPOSITOR,3,JOVENES,MEDIA,708,222,213,223
TIJUANA,8,13,1688,URBANO(A),23,17,22,11,27,15,18,20,NO,SWITCH,1,POBLACION INDIGENA,MEDIA,900,216,198,217
TIJUANA,8,13,1689,URBANO(A),17,14,19,13,31,14,24,22,NO,SWITCH,1,DISCAPACITADOS,MEDIA,1001,230,206,231
TIJUANA,8,13,1690,URBANO(A),24,15,24,15,29,18,17,19,NO,OPOSITOR,3,POBLACION INDIGENA,MEDIA BAJA,711,180,163,181
TIJUANA,8,13,1691,URBANO(A),17,12,17,7,20,9,8,4,NO,SWITCH,1,JOVENES,MEDIA,566,153,145,154
TIJUANA,8,13,1692,URBANO(A),29,25,32,5,22,10,17,22,NO,SWITCH,1,POBLACION INDIGENA,MEDIA,1082,246,229,247
TIJUANA,8,13,1693,URBANO(A),17,12,16,6,19,9,19,15,NO,OPOSITOR,3,JOVENES,MEDIA BAJA,1017,269,250,270
TIJUANA,8,13,1694,URBANO(A),17,13,18,10,24,11,18,11,NO,OPOSITOR,3,POBLACION INDIGENA,MEDIA BAJA,1136,256,238,257
TIJUANA,8,13,1695,URBANO(A),17,14,24,14,31,17,24,19,NO,OPOSITOR,3,POBLACION INDIGENA,MEDIA BAJA,941,277,253,278
TIJUANA,8,13,1696,URBANO(A),27,19,24,12,30,22,24,17,NO,SWITCH,1,POBLACION INDIGENA,MEDIA BAJA,1052,307,283,308
TIJUANA,8,13,1697,URBANO(A),12,10,9,9,16,13,6,8,NO,SWITCH,1,POBLACION INDIGENA,MEDIA BAJA,882,208,202,209
TIJUANA,8,13,1698,URBANO(A),12,8,10,8,13,10,15,9,NO,SWITCH,1,MIXTO,MEDIA BAJA,549,158,143,159
TIJUANA,8,13,1699,URBANO(A),21,14,21,3,20,5,11,10,NO,SWITCH,1,DISCAPACITADOS,MEDIA BAJA,745,217,206,218
TIJUANA,8,13,1700,URBANO(A),40,35,42,5,22,14,10,4,NO,SWITCH,1,POBLACION INDIGENA,MEDIA BAJA,716,187,177,188
TIJUANA,4,14,1701,URBANO(A),23,19,25,6,20,11,27,16,NO,SWITCH,1,MIXTO,MEDIA ALTA,521,154,127,155
TIJUANA,4,14,1702,URBANO(A),17,14,20,11,36,23,27,20,NO,SWITCH,1,JOVENES,ALTA,955,260,233,261
TIJUANA,8,14,1703,URBANO(A),25,18,21,15,32,19,35,20,NO,SWITCH,1,MIXTO,MEDIA ALTA,480,129,94,130
TIJUANA,4,14,1704,URBANO(A),18,11,10,5,19,6,13,9,NO,SWITCH,1,MIXTO,ALTA,543,193,180,194
TIJUANA,4,14,1705,URBANO(A),28,18,25,7,22,14,21,9,NO,SWITCH,1,MIXTO,ALTA,724,254,233,255
TIJUANA,9,14,1706,URBANO(A),12,12,16,10,31,19,26,17,NO,SWITCH,1,DISCAPACITADOS,MEDIA ALTA,448,109,83,110
TIJUANA,4,14,1707,URBANO(A),34,23,31,5,0,11,21,11,NO,SWITCH,1,MIXTO,ALTA,1066,349,328,350
TIJUANA,9,14,1708,URBANO(A),32,26,30,10,32,19,29,20,NO,SWITCH,1,JOVENES,ALTA,690,217,188,218
TIJUANA,4,14,1709,URBANO(A),8,9,10,1,6,4,11,5,NO,SWITCH,1,JOVENES,ALTA,428,141,130,142
TIJUANA,4,14,1710,URBANO(A),16,8,6,6,13,7,18,8,NO,SWITCH,1,MIXTO,ALTA,525,173,155,174
TIJUANA,4,14,1711,URBANO(A),25,19,26,10,38,17,8,7,NO,SWITCH,1,JOVENES,ALTA,878,319,311,320
TIJUANA,4,14,1712,URBANO(A),16,7,10,10,26,13,19,13,NO,SWITCH,1,JOVENES,ALTA,836,265,246,266
TIJUANA,9,14,1713,URBANO(A),18,8,15,8,24,13,15,11,NO,SWITCH,1,JOVENES,ALTA,876,317,302,318
TIJUANA,9,14,1714,URBANO(A),17,9,13,8,27,16,19,13,NO,SWITCH,1,JOVENES,ALTA,687,203,184,204
TIJUANA,8,14,1715,URBANO(A),20,6,10,8,25,19,35,18,NO,SWITCH,1,MIXTO,MEDIA ALTA,392,121,86,122
TIJUANA,9,14,1716,URBANO(A),14,11,10,8,28,13,10,6,NO,SWITCH,1,JOVENES,ALTA,852,269,259,270
TIJUANA,4,14,1717,URBANO(A),14,5,7,3,16,9,21,7,NO,SWITCH,1,JOVENES,ALTA,683,248,227,249
TIJUANA,9,14,1718,URBANO(A),9,6,9,7,26,9,15,8,NO,SWITCH,1,JOVENES,ALTA,634,185,170,186
TIJUANA,9,14,1719,URBANO(A),17,7,11,8,10,10,15,9,NO,SWITCH,1,JOVENES,ALTA,755,252,237,253
TIJUANA,9,14,1720,URBANO(A),35,27,27,7,41,19,16,12,NO,SWITCH,1,JOVENES,ALTA,822,285,269,286
TIJUANA,9,14,1721,URBANO(A),52,29,40,28,62,44,72,60,NO,SWITCH,1,MIXTO,ALTA,782,217,145,218
TIJUANA,9,14,1722,URBANO(A),20,10,10,4,17,10,20,11,NO,SWITCH,1,MIXTO,ALTA,740,253,233,254
TIJUANA,9,14,1723,URBANO(A),14,4,5,4,14,6,14,7,NO,SWITCH,1,JOVENES,ALTA,742,260,246,261
TIJUANA,9,14,1724,URBANO(A),20,14,15,7,14,16,32,20,NO,SWITCH,1,JOVENES,ALTA,639,187,155,188
TIJUANA,9,14,1725,URBANO(A),24,14,17,5,25,13,36,20,NO,SWITCH,1,JOVENES,MEDIA ALTA,1025,353,317,354
TIJUANA,9,14,1726,URBANO(A),20,4,10,14,40,21,28,16,NO,SWITCH,1,MIXTO,ALTA,729,222,194,223
TIJUANA,9,14,1727,URBANO(A),15,12,13,2,22,11,11,14,NO,SWITCH,1,JOVENES,ALTA,709,234,223,235
TIJUANA,9,14,1728,URBANO(A),19,13,20,14,30,20,23,19,NO,SWITCH,1,JOVENES,ALTA,641,180,157,181
TIJUANA,9,14,1729,URBANO(A),16,9,15,7,27,19,18,13,NO,SWITCH,1,POBLACION INDIGENA,ALTA,561,194,176,195
TIJUANA,9,14,1730,URBANO(A),17,13,10,8,17,9,15,6,NO,SWITCH,1,MIXTO,ALTA,767,254,239,255
TIJUANA,9,14,1731,URBANO(A),18,10,16,12,27,20,25,15,NO,SWITCH,1,JOVENES,ALTA,741,210,185,211
TIJUANA,9,14,1732,URBANO(A),7,4,5,4,10,5,15,8,NO,SWITCH,1,JOVENES,ALTA,650,209,194,210
TIJUANA,9,14,1733,URBANO(A),29,17,29,17,54,25,37,25,NO,SWITCH,1,MIXTO,ALTA,1017,319,282,320
TIJUANA,9,14,1734,URBANO(A),28,22,24,9,42,23,33,5,NO,SWITCH,1,MIXTO,ALTA,1169,378,345,379
TIJUANA,9,14,1735,URBANO(A),33,16,16,25,65,41,58,45,NO,SWITCH,1,MIXTO,ALTA,747,200,142,201
TIJUANA,9,14,1736,URBANO(A),23,10,15,11,31,15,40,22,NO,SWITCH,1,MIXTO,ALTA,687,226,186,227
TIJUANA,9,14,1737,URBANO(A),32,18,23,14,41,21,42,15,NO,SWITCH,1,MIXTO,ALTA,871,310,268,311
TIJUANA,4,14,1738,MIXTO(A),44,24,31,25,69,34,54,32,NO,SWITCH,1,MIXTO,MEDIA ALTA,3074,804,750,805
TIJUANA,4,14,1739,MIXTO(A),16,7,9,6,25,16,26,15,NO,SWITCH,1,MIXTO,ALTA,1204,324,298,325
TIJUANA,4,14,1740,URBANO(A),17,16,19,15,39,24,21,8,NO,SWITCH,1,MIXTO,ALTA,713,195,174,196
TIJUANA,4,6,1741,URBANO(A),18,6,8,5,17,14,9,7,NO,SWITCH,1,MIXTO,MEDIA ALTA,554,159,150,160
TIJUANA,4,14,1742,URBANO(A),23,15,22,9,22,11,11,7,NO,SWITCH,1,MIXTO,MEDIA ALTA,599,208,197,209
TIJUANA,4,14,1743,URBANO(A),7,8,6,4,21,13,9,2,NO,SWITCH,1,JOVENES,MEDIA ALTA,642,219,210,220
TIJUANA,4,6,1744,URBANO(A),20,8,11,11,32,16,28,24,NO,SWITCH,1,MIXTO,ALTA,857,267,239,268
TIJUANA,4,14,1745,URBANO(A),22,19,18,5,10,7,5,8,NO,SWITCH,1,MIXTO,MEDIA ALTA,541,164,159,165
TIJUANA,4,14,1746,URBANO(A),9,4,8,13,26,10,12,5,NO,SWITCH,1,MIXTO,MEDIA ALTA,874,318,306,319
TIJUANA,4,6,1747,URBANO(A),13,7,11,10,0,18,27,18,NO,SWITCH,1,MIXTO,ALTA,495,156,129,157
TIJUANA,4,14,1748,URBANO(A),22,16,18,13,40,23,23,11,NO,SWITCH,1,MIXTO,ALTA,1281,395,372,396
TIJUANA,4,14,1749,URBANO(A),18,11,12,5,26,16,18,17,NO,SWITCH,1,MIXTO,ALTA,1055,366,348,367
TIJUANA,4,14,1750,URBANO(A),70,48,45,27,72,28,25,22,NO,SWITCH,1,POBLACION INDIGENA,ALTA,1017,541,516,542
TIJUANA,4,6,1751,URBANO(A),12,5,9,8,23,11,13,8,NO,SWITCH,1,JOVENES,ALTA,486,113,100,114
TIJUANA,4,14,1752,URBANO(A),10,8,8,2,13,2,8,3,NO,SWITCH,1,MIXTO,ALTA,465,166,158,167
TIJUANA,4,14,1753,URBANO(A),13,10,11,6,13,6,4,3,NO,SWITCH,1,JOVENES,ALTA,427,165,161,166
TIJUANA,4,14,1754,URBANO(A),17,11,10,8,20,10,18,10,NO,SWITCH,1,JOVENES,MEDIA ALTA,661,228,210,229
TIJUANA,4,14,1755,URBANO(A),10,11,9,8,11,8,15,5,NO,SWITCH,1,JOVENES,MEDIA ALTA,601,197,182,198
TIJUANA,9,14,1756,RURAL,14,9,13,12,24,17,29,23,NO,SWITCH,1,DISCAPACITADOS,BAJA,414,100,71,101
TIJUANA,4,14,1757,URBANO(A),21,16,21,7,22,18,24,15,NO,SWITCH,1,MIXTO,ALTA,541,171,147,172
TIJUANA,4,14,1758,URBANO(A),5,4,3,4,14,6,5,4,NO,SWITCH,1,POBLACION INDIGENA,ALTA,307,94,89,95
TIJUANA,4,14,1759,URBANO(A),26,20,26,10,48,30,33,28,NO,SWITCH,1,JOVENES,ALTA,690,245,212,246
TIJUANA,9,14,1760,MIXTO(A),12,5,9,10,22,17,19,16,NO,SWITCH,1,POBLACION INDIGENA,MEDIA BAJA,339,174,155,175
TIJUANA,4,14,1761,URBANO(A),34,17,25,13,57,30,31,31,NO,SWITCH,1,MIXTO,ALTA,1043,323,292,324
TIJUANA,4,14,1762,URBANO(A),28,12,15,9,42,27,32,21,NO,OPOSITOR,3,JOVENES,ALTA,645,210,178,211
TIJUANA,4,14,1763,URBANO(A),14,12,14,1,14,4,14,9,NO,SWITCH,1,POBLACION INDIGENA,ALTA,687,226,212,227
TIJUANA,4,14,1764,URBANO(A),18,7,16,9,42,17,27,14,NO,SWITCH,1,MIXTO,ALTA,934,284,257,285
TIJUANA,4,14,1765,URBANO(A),13,5,10,3,21,7,14,9,NO,SWITCH,1,MIXTO,ALTA,706,211,197,212
TIJUANA,4,14,1766,URBANO(A),3,6,5,1,4,4,5,5,NO,SWITCH,1,JOVENES,ALTA,427,141,136,142
TIJUANA,4,14,1767,URBANO(A),27,11,19,11,44,31,52,35,NO,SWITCH,1,MIXTO,ALTA,798,217,165,218
TIJUANA,4,14,1768,URBANO(A),23,12,22,7,33,19,28,23,NO,SWITCH,1,MIXTO,ALTA,466,123,95,124
TIJUANA,4,14,1769,URBANO(A),37,21,26,10,51,29,46,31,NO,SWITCH,1,JOVENES,ALTA,627,199,153,200
TIJUANA,4,14,1770,URBANO(A),26,12,16,9,23,16,28,20,NO,SWITCH,1,JOVENES,ALTA,548,171,143,172
TIJUANA,4,14,1771,URBANO(A),21,19,20,6,0,19,19,11,NO,SWITCH,1,DISCAPACITADOS,MEDIA ALTA,383,97,78,98
TIJUANA,4,14,1772,URBANO(A),37,23,32,25,66,34,61,43,NO,SWITCH,1,JOVENES,ALTA,1103,346,285,347
TIJUANA,4,14,1773,URBANO(A),24,11,12,15,40,23,25,13,NO,SWITCH,1,JOVENES,ALTA,581,178,153,179
TIJUANA,9,14,1774,URBANO(A),35,25,31,10,43,18,31,16,NO,SWITCH,1,POBLACION INDIGENA,ALTA,1318,374,343,375
TIJUANA,4,14,1776,URBANO(A),18,5,14,6,20,13,33,20,NO,OPOSITOR,3,MIXTO,ALTA,470,120,87,121
TIJUANA,4,14,1777,URBANO(A),40,24,31,17,90,46,72,44,NO,SWITCH,1,MIXTO,ALTA,1255,382,310,383
TIJUANA,4,14,1778,URBANO(A),26,11,14,18,63,25,36,24,NO,SWITCH,1,MIXTO,ALTA,934,314,278,315
TIJUANA,4,14,1779,URBANO(A),25,13,22,20,50,32,40,31,NO,SWITCH,1,POBLACION INDIGENA,ALTA,723,199,159,200
TIJUANA,9,14,1780,URBANO(A),56,34,41,21,98,42,66,54,NO,SWITCH,1,MIXTO,ALTA,2135,664,598,665
TIJUANA,4,14,1781,URBANO(A),14,7,12,11,21,17,24,15,NO,SWITCH,1,JOVENES,ALTA,421,102,78,103
TIJUANA,4,14,1782,URBANO(A),16,15,14,6,24,15,23,14,NO,SWITCH,1,JOVENES,ALTA,639,171,148,172
TIJUANA,9,14,1783,URBANO(A),24,26,20,20,51,27,45,29,NO,SWITCH,1,POBLACION INDIGENA,ALTA,1729,491,446,492
TIJUANA,9,14,1784,URBANO(A),30,17,22,11,18,18,22,14,NO,SWITCH,1,MIXTO,ALTA,1042,302,280,303
TIJUANA,9,14,1785,URBANO(A),33,14,21,16,57,31,34,21,NO,SWITCH,1,MIXTO,ALTA,1405,419,385,420
TIJUANA,8,13,1787,RURAL,19,15,16,13,43,17,27,17,NO,OPOSITOR,3,JOVENES,MEDIA BAJA,1343,270,243,271
TIJUANA,8,13,1788,RURAL,7,2,4,0,0,8,13,3,NO,OPOSITOR,3,POBLACION INDIGENA,MEDIA,374,109,96,110
TIJUANA,8,14,1789,RURAL,7,7,10,7,10,7,12,7,NO,OPOSITOR,3,POBLACION INDIGENA,MEDIA BAJA,699,159,147,160
TIJUANA,8,13,1790,URBANO(A),38,20,35,25,78,44,53,41,NO,SWITCH,1,MIXTO,MEDIA ALTA,2930,846,793,847
TIJUANA,8,14,1791,URBANO(A),18,15,16,6,15,12,17,5,NO,OPOSITOR,3,JOVENES,MEDIA ALTA,974,287,270,288
TIJUANA,8,13,1792,URBANO(A),54,27,42,25,84,48,78,62,NO,SWITCH,1,MIXTO,MEDIA ALTA,2401,763,685,764
TIJUANA,8,14,1793,URBANO(A),3,1,1,1,1,0,8,4,NO,SWITCH,1,MIXTO,MEDIA,391,108,100,109
TIJUANA,8,14,1794,URBANO(A),14,5,7,11,21,15,28,10,NO,SWITCH,1,JOVENES,MEDIA ALTA,706,186,158,187
TIJUANA,8,14,1795,URBANO(A),15,11,14,11,17,9,10,9,NO,SWITCH,1,POBLACION INDIGENA,MEDIA ALTA,763,250,240,251
TIJUANA,8,14,1796,URBANO(A),11,5,6,8,35,18,21,13,NO,SWITCH,1,MIXTO,MEDIA ALTA,2022,513,492,514
TIJUANA,8,14,1797,URBANO(A),9,4,7,5,18,8,14,9,NO,SWITCH,1,MIXTO,MEDIA ALTA,591,195,181,196
TIJUANA,8,14,1798,URBANO(A),13,7,11,6,22,13,21,6,NO,SWITCH,1,MIXTO,MEDIA ALTA,1277,336,315,337
TIJUANA,8,14,1799,URBANO(A),16,11,16,7,24,12,20,7,NO,SWITCH,1,MIXTO,MEDIA ALTA,1053,302,282,303
TIJUANA,9,14,1800,URBANO(A),29,18,24,32,80,40,81,46,NO,SWITCH,1,MIXTO,MEDIA ALTA,6001,1463,1382,1464
TIJUANA,8,14,1801,URBANO(A),5,5,8,4,11,9,11,5,NO,SWITCH,1,MIXTO,MEDIA ALTA,488,157,146,158
TIJUANA,8,14,1802,URBANO(A),7,5,9,8,18,8,17,8,NO,SWITCH,1,JOVENES,MEDIA ALTA,662,217,200,218
TIJUANA,8,14,1803,URBANO(A),7,2,3,11,8,5,9,8,NO,SWITCH,1,DISCAPACITADOS,MEDIA,668,200,191,201
TIJUANA,9,14,1804,MIXTO(A),20,22,30,21,56,37,50,18,NO,SWITCH,1,MIXTO,MEDIA ALTA,4588,1113,1063,1114
TIJUANA,9,14,1805,URBANO(A),5,4,5,2,15,1,1,1,NO,SWITCH,1,JOVENES,MEDIA ALTA,411,131,130,132
TIJUANA,9,14,1806,URBANO(A),19,16,20,16,37,14,20,14,NO,SWITCH,1,MIXTO,MEDIA ALTA,943,284,264,285
MEXICALI,1,5,1808,URBANO(A),52,52,52,21,30,28,21,15,SI,SWITCH,1,MIXTO,MEDIA,490,147,126,148
MEXICALI,1,5,1809,URBANO(A),60,60,55,16,41,32,56,43,SI,SWITCH,1,MIXTO,ALTA,1102,252,196,253
MEXICALI,1,5,1810,URBANO(A),37,42,36,13,46,30,61,48,SI,SWITCH,1,POBLACION INDIGENA,ALTA,1093,253,192,254
MEXICALI,1,5,1811,URBANO(A),22,22,21,14,21,27,36,20,SI,SWITCH,1,DISCAPACITADOS,MEDIA ALTA,713,197,161,198
MEXICALI,1,5,1812,URBANO(A),34,39,40,13,32,24,34,28,SI,SWITCH,1,MIXTO,ALTA,704,189,155,190
MEXICALI,1,5,1813,URBANO(A),25,19,23,11,24,20,10,20,SI,SWITCH,1,MIXTO,MEDIA ALTA,939,105,95,106
MEXICALI,1,5,1814,URBANO(A),24,22,23,5,13,11,17,18,SI,SWITCH,1,DISCAPACITADOS,MEDIA ALTA,604,163,146,164
MEXICALI,1,5,1815,URBANO(A),24,27,24,14,25,18,29,21,SI,SWITCH,1,MIXTO,MEDIA ALTA,691,178,149,179
MEXICALI,1,1,1816,URBANO(A),36,38,36,12,23,15,24,23,SI,SWITCH,1,ADULTOS MAYORES,MEDIA,357,90,66,91
MEXICALI,1,5,1817,URBANO(A),17,17,19,12,18,19,0,19,SI,SWITCH,1,MIXTO,ALTA,771,0,0,1
MEXICALI,1,5,1818,URBANO(A),17,19,15,6,10,9,11,3,SI,SWITCH,1,POBLACION INDIGENA,MEDIA,620,155,144,156
MEXICALI,1,5,1819,URBANO(A),43,52,45,9,18,17,35,27,SI,SWITCH,1,MIXTO,MEDIA,803,214,179,215
MEXICALI,1,1,1820,URBANO(A),17,19,16,7,10,9,0,24,SI,SWITCH,1,MIXTO,MEDIA ALTA,587,0,0,1
MEXICALI,1,1,1821,URBANO(A),16,18,21,10,16,15,13,8,SI,SWITCH,1,DISCAPACITADOS,MEDIA ALTA,498,169,156,170
MEXICALI,1,5,1822,URBANO(A),23,24,27,6,16,9,29,21,SI,SWITCH,1,DISCAPACITADOS,MEDIA,638,160,131,161
MEXICALI,1,5,1823,URBANO(A),28,32,30,17,21,17,43,30,SI,SWITCH,1,MIXTO,MEDIA ALTA,730,179,136,180
MEXICALI,1,5,1824,URBANO(A),26,28,27,5,18,9,35,25,SI,SWITCH,1,DISCAPACITADOS,MEDIA ALTA,581,136,101,137
MEXICALI,1,5,1825,URBANO(A),34,43,29,15,25,18,42,31,SI,SWITCH,1,MIXTO,MEDIA ALTA,884,218,176,219
MEXICALI,1,5,1826,URBANO(A),23,25,19,7,15,8,18,9,SI,SWITCH,1,MIXTO,MEDIA,623,162,144,163
MEXICALI,1,5,1827,URBANO(A),17,25,20,8,14,15,14,8,SI,SWITCH,1,MIXTO,MEDIA ALTA,711,181,167,182
MEXICALI,1,5,1828,URBANO(A),19,26,24,9,11,11,11,21,SI,SWITCH,1,POBLACION INDIGENA,MEDIA ALTA,807,91,80,92
MEXICALI,1,5,1829,URBANO(A),33,41,39,9,11,10,28,21,SI,SWITCH,1,POBLACION INDIGENA,MEDIA ALTA,761,199,171,200
MEXICALI,1,1,1830,URBANO(A),25,24,26,12,27,16,35,29,SI,SWITCH,1,MIXTO,MEDIA,475,101,66,102
MEXICALI,1,5,1831,URBANO(A),23,28,22,19,28,27,34,18,SI,SWITCH,1,MIXTO,MEDIA ALTA,992,260,226,261
MEXICALI,1,5,1832,URBANO(A),16,21,20,9,18,15,27,21,SI,SWITCH,1,MIXTO,MEDIA ALTA,701,202,175,203
MEXICALI,1,5,1833,URBANO(A),40,39,39,9,17,14,45,29,SI,SWITCH,1,MIXTO,MEDIA ALTA,753,190,145,191
MEXICALI,1,5,1834,URBANO(A),23,23,23,12,15,18,25,19,SI,SWITCH,1,MIXTO,MEDIA ALTA,947,222,197,223
MEXICALI,1,5,1835,URBANO(A),30,34,30,20,24,28,27,24,SI,SWITCH,1,JOVENES,MEDIA ALTA,690,194,167,195
MEXICALI,1,5,1836,URBANO(A),22,25,26,13,13,10,24,21,SI,SWITCH,1,DISCAPACITADOS,MEDIA ALTA,767,168,144,169
MEXICALI,1,5,1837,URBANO(A),42,42,40,10,19,16,33,20,SI,SWITCH,1,MIXTO,MEDIA ALTA,605,141,108,142
MEXICALI,1,5,1838,URBANO(A),22,28,25,3,19,13,21,11,SI,OPOSITOR,3,POBLACION INDIGENA,MEDIA ALTA,679,165,144,166
MEXICALI,1,5,1839,URBANO(A),25,29,23,8,14,9,22,17,SI,SWITCH,1,MIXTO,MEDIA ALTA,725,185,163,186
MEXICALI,1,1,1840,URBANO(A),26,30,27,9,13,10,11,15,SI,OPOSITOR,3,MIXTO,MEDIA,944,95,84,96
MEXICALI,1,1,1841,URBANO(A),13,17,19,5,9,6,17,6,SI,SWITCH,1,MIXTO,MEDIA ALTA,809,158,141,159
MEXICALI,1,1,1842,URBANO(A),28,30,29,11,23,16,36,26,SI,SWITCH,1,MIXTO,MEDIA ALTA,981,208,172,209
MEXICALI,1,1,1843,URBANO(A),26,25,28,6,12,10,21,17,SI,SWITCH,1,DISCAPACITADOS,MEDIA,697,155,134,156
MEXICALI,1,1,1844,URBANO(A),24,21,24,11,12,10,26,12,SI,OPOSITOR,3,POBLACION INDIGENA,MEDIA ALTA,830,213,187,214
MEXICALI,1,1,1845,URBANO(A),13,18,16,8,13,13,21,12,SI,OPOSITOR,3,MIXTO,MEDIA ALTA,767,119,98,120
MEXICALI,1,1,1846,URBANO(A),40,43,44,17,26,24,47,41,SI,OPOSITOR,3,MIXTO,MEDIA ALTA,2837,483,436,484
ENSENADA,3,16,1847,URBANO(A),52,46,48,13,19,24,76,81,NO,SWITCH,1,JOVENES,MEDIA ALTA,1079,226,150,227
ENSENADA,3,16,1848,URBANO(A),40,30,33,13,17,20,46,45,NO,OPOSITOR,3,MIXTO,MEDIA ALTA,1248,264,218,265
ENSENADA,3,16,1849,URBANO(A),57,52,53,21,31,36,63,59,NO,OPOSITOR,3,JOVENES,ALTA,859,196,133,197
ENSENADA,3,16,1850,URBANO(A),34,28,29,15,27,33,64,58,NO,OPOSITOR,3,POBLACION INDIGENA,MEDIA ALTA,1219,216,152,217
ENSENADA,3,16,1851,URBANO(A),53,51,47,21,29,25,62,70,NO,SWITCH,1,MIXTO,MEDIA,1916,434,372,435
ENSENADA,3,16,1852,URBANO(A),40,46,30,16,28,31,77,74,NO,OPOSITOR,3,POBLACION INDIGENA,MEDIA ALTA,1492,301,224,302
ENSENADA,3,17,1853,URBANO(A),31,33,33,18,25,26,72,72,NO,OPOSITOR,3,MIXTO,MEDIA,905,187,115,188
ENSENADA,3,16,1854,URBANO(A),41,29,33,15,23,26,54,56,NO,OPOSITOR,3,MIXTO,ALTA,1029,239,185,240
ENSENADA,3,16,1855,URBANO(A),98,78,75,44,84,93,173,173,NO,SWITCH,1,MIXTO,ALTA,1185,200,27,201
ENSENADA,3,16,1856,URBANO(A),51,52,45,26,24,33,59,53,NO,SWITCH,1,JOVENES,ALTA,1223,333,274,334
ENSENADA,3,16,1857,URBANO(A),35,38,40,14,28,27,76,70,NO,OPOSITOR,3,JOVENES,ALTA,1251,292,216,293
ENSENADA,3,16,1858,URBANO(A),72,73,60,28,39,46,69,72,NO,SWITCH,1,JOVENES,ALTA,943,235,166,236
ENSENADA,3,17,1859,URBANO(A),37,36,37,13,25,23,62,69,NO,OPOSITOR,3,MIXTO,MEDIA ALTA,994,219,157,220
ENSENADA,3,16,1860,URBANO(A),83,60,59,31,47,44,123,128,NO,OPOSITOR,3,JOVENES,ALTA,1216,238,115,239
ENSENADA,3,17,1861,URBANO(A),46,75,38,23,33,35,77,90,NO,OPOSITOR,3,POBLACION INDIGENA,MEDIA ALTA,1049,249,172,250
ENSENADA,3,16,1862,URBANO(A),47,44,36,15,21,18,34,40,NO,OPOSITOR,3,JOVENES,MEDIA ALTA,1423,363,329,364
ENSENADA,3,16,1863,URBANO(A),46,38,37,10,13,10,16,19,NO,SWITCH,1,DISCAPACITADOS,MEDIA ALTA,592,158,142,159
ENSENADA,3,16,1864,URBANO(A),37,45,40,12,21,21,28,32,NO,OPOSITOR,3,JOVENES,MEDIA ALTA,977,239,211,240
ENSENADA,3,16,1865,URBANO(A),12,12,8,3,11,8,21,21,NO,OPOSITOR,3,JOVENES,ALTA,443,99,78,100
ENSENADA,3,16,1866,URBANO(A),29,22,18,8,17,15,33,34,NO,OPOSITOR,3,JOVENES,ALTA,591,162,129,163
ENSENADA,3,16,1867,URBANO(A),28,33,24,16,21,20,22,26,NO,OPOSITOR,3,JOVENES,ALTA,730,197,175,198
TIJUANA,8,12,1868,MIXTO(A),19,15,20,11,26,19,23,16,NO,OPOSITOR,3,JOVENES,MEDIA ALTA,608,147,124,148
TIJUANA,8,12,1869,MIXTO(A),20,22,20,20,78,39,90,56,NO,OPOSITOR,3,MIXTO,MEDIA ALTA,3522,750,660,751
TIJUANA,8,12,1870,MIXTO(A),52,13,36,34,126,56,98,73,NO,SWITCH,1,MIXTO,ALTA,997,194,96,195
TIJUANA,8,12,1871,URBANO(A),10,6,6,7,18,8,19,8,NO,OPOSITOR,3,MIXTO,MEDIA ALTA,698,210,191,211
TIJUANA,8,12,1872,URBANO(A),12,8,10,4,22,9,19,7,NO,OPOSITOR,3,POBLACION INDIGENA,MEDIA ALTA,812,255,236,256
TIJUANA,8,12,1873,URBANO(A),70,22,50,40,103,83,129,119,NO,SWITCH,1,MIXTO,ALTA,1484,351,222,352
TIJUANA,8,12,1874,URBANO(A),11,9,10,5,18,4,14,7,NO,OPOSITOR,3,MIXTO,MEDIA ALTA,606,197,183,198
TIJUANA,8,12,1875,MIXTO(A),18,12,17,10,14,14,28,35,NO,OPOSITOR,3,POBLACION INDIGENA,MEDIA BAJA,1901,389,361,390
TIJUANA,8,12,1876,RURAL,50,18,35,32,95,58,96,88,NO,SWITCH,1,MIXTO,MEDIA,1465,250,154,251
TIJUANA,8,12,1877,URBANO(A),11,9,11,0,0,2,7,6,NO,OPOSITOR,3,POBLACION INDIGENA,MEDIA,564,141,134,142
TIJUANA,8,12,1878,URBANO(A),7,4,5,5,19,14,12,8,NO,OPOSITOR,3,MIXTO,MEDIA ALTA,713,208,196,209
TIJUANA,8,12,1879,URBANO(A),8,7,9,3,14,6,13,8,NO,OPOSITOR,3,POBLACION INDIGENA,MEDIA,615,162,149,163
TIJUANA,8,12,1880,URBANO(A),10,3,7,5,13,7,17,6,NO,OPOSITOR,3,MIXTO,MEDIA ALTA,704,199,182,200
TIJUANA,8,12,1881,URBANO(A),15,10,13,4,11,6,12,3,NO,OPOSITOR,3,MIXTO,ALTA,657,200,188,201
TIJUANA,8,12,1882,URBANO(A),11,6,6,3,14,11,12,5,NO,OPOSITOR,3,MIXTO,MEDIA ALTA,562,149,137,150
TIJUANA,8,12,1883,URBANO(A),6,6,7,2,7,2,9,5,NO,SWITCH,1,MIXTO,MEDIA ALTA,654,195,186,196
TIJUANA,8,12,1884,URBANO(A),8,12,8,3,12,10,12,5,NO,OPOSITOR,3,POBLACION INDIGENA,MEDIA ALTA,574,182,170,183
TIJUANA,8,12,1885,URBANO(A),5,5,4,2,13,7,7,2,NO,OPOSITOR,3,MIXTO,MEDIA ALTA,406,107,100,108
TIJUANA,8,12,1886,URBANO(A),7,4,5,4,11,4,7,4,NO,OPOSITOR,3,MIXTO,MEDIA ALTA,633,200,193,201
TIJUANA,8,12,1887,URBANO(A),19,13,18,12,20,16,17,9,NO,OPOSITOR,3,JOVENES,ALTA,679,165,148,166
TIJUANA,8,12,1888,URBANO(A),4,0,1,1,7,6,11,7,NO,OPOSITOR,3,JOVENES,MEDIA ALTA,344,113,102,114
TIJUANA,8,12,1889,URBANO(A),10,7,12,0,6,2,11,6,NO,OPOSITOR,3,JOVENES,MEDIA ALTA,727,222,211,223
TIJUANA,8,12,1890,URBANO(A),19,12,16,7,14,13,19,7,NO,SWITCH,1,MIXTO,MEDIA ALTA,681,198,179,199
TIJUANA,8,14,1891,RURAL,14,8,14,8,31,17,25,13,NO,OPOSITOR,3,MIXTO,MEDIA,1414,296,271,297
TIJUANA,8,12,1892,URBANO(A),10,4,6,7,17,13,11,6,NO,OPOSITOR,3,JOVENES,MEDIA ALTA,562,180,169,181
TIJUANA,8,12,1893,URBANO(A),7,6,5,2,8,8,14,10,NO,OPOSITOR,3,JOVENES,MEDIA ALTA,662,201,187,202
TIJUANA,8,12,1894,URBANO(A),18,14,15,2,11,5,9,3,NO,OPOSITOR,3,MIXTO,MEDIA ALTA,737,190,181,191
TIJUANA,8,12,1895,URBANO(A),10,6,6,3,10,4,10,5,NO,OPOSITOR,3,POBLACION INDIGENA,MEDIA ALTA,575,176,166,177
TIJUANA,8,12,1896,URBANO(A),5,7,6,7,13,3,5,2,NO,OPOSITOR,3,POBLACION INDIGENA,MEDIA ALTA,431,143,138,144
TIJUANA,8,12,1897,URBANO(A),11,6,10,6,15,8,12,5,NO,OPOSITOR,3,MIXTO,MEDIA ALTA,522,157,145,158
TIJUANA,8,12,1898,URBANO(A),18,12,13,4,18,7,17,10,NO,OPOSITOR,3,MIXTO,MEDIA,929,259,242,260
TIJUANA,8,12,1899,URBANO(A),8,5,6,7,22,5,10,3,NO,SWITCH,1,MIXTO,MEDIA ALTA,762,223,213,224
TIJUANA,8,12,1900,URBANO(A),13,11,12,9,25,14,14,4,NO,OPOSITOR,3,MIXTO,MEDIA ALTA,781,221,207,222
TIJUANA,8,12,1901,URBANO(A),9,7,7,5,21,12,17,14,NO,OPOSITOR,3,MIXTO,ALTA,847,231,214,232
TIJUANA,8,12,1902,URBANO(A),14,9,8,0,7,1,11,4,NO,OPOSITOR,3,JOVENES,MEDIA ALTA,737,211,200,212
TIJUANA,8,12,1903,URBANO(A),14,13,14,1,10,3,13,7,NO,OPOSITOR,3,JOVENES,MEDIA ALTA,851,234,221,235
TIJUANA,8,12,1904,URBANO(A),8,8,9,3,14,8,17,9,NO,OPOSITOR,3,MIXTO,ALTA,612,172,155,173
TIJUANA,8,12,1905,URBANO(A),13,8,11,10,17,12,15,8,NO,OPOSITOR,3,MIXTO,MEDIA ALTA,541,158,143,159
TIJUANA,8,12,1906,RURAL,52,26,50,32,49,63,114,107,NO,SWITCH,1,MIXTO,ALTA,1334,242,128,243
TIJUANA,8,12,1907,URBANO(A),13,10,10,8,22,12,20,12,NO,OPOSITOR,3,MIXTO,MEDIA ALTA,1174,337,317,338
TIJUANA,8,12,1908,URBANO(A),9,9,9,1,16,72,16,12,NO,OPOSITOR,3,DISCAPACITADOS,ALTA,647,164,148,165
TIJUANA,8,12,1909,RURAL,51,16,36,35,97,72,87,77,NO,SWITCH,1,MIXTO,ALTA,717,142,55,143
TIJUANA,8,12,1910,URBANO(A),90,9,6,7,13,10,10,7,NO,OPOSITOR,3,MIXTO,MEDIA ALTA,815,236,226,237
TIJUANA,8,12,1911,URBANO(A),14,10,9,5,5,9,9,4,NO,OPOSITOR,3,DISCAPACITADOS,MEDIA ALTA,455,159,150,160
TIJUANA,8,12,1912,URBANO(A),0,1,1,0,3,0,2,3,NO,SWITCH,1,POBLACION INDIGENA,MEDIA ALTA,200,68,66,69
TIJUANA,8,12,1913,URBANO(A),5,1,2,2,7,4,6,4,NO,OPOSITOR,3,DISCAPACITADOS,MEDIA ALTA,449,115,109,116
TIJUANA,8,12,1914,URBANO(A),12,11,12,5,16,5,8,5,NO,OPOSITOR,3,JOVENES,MEDIA ALTA,543,155,147,156
TIJUANA,8,14,1915,URBANO(A),5,2,4,5,11,4,10,4,NO,OPOSITOR,3,MIXTO,MEDIA ALTA,548,194,184,195
TIJUANA,8,14,1916,URBANO(A),9,5,5,3,12,5,8,3,NO,OPOSITOR,3,MIXTO,MEDIA,579,178,170,179
TIJUANA,8,12,1917,URBANO(A),16,11,12,8,15,10,11,5,NO,OPOSITOR,3,JOVENES,MEDIA ALTA,624,211,200,212
TIJUANA,8,14,1918,URBANO(A),7,7,5,1,6,2,11,5,NO,SWITCH,1,JOVENES,MEDIA BAJA,510,166,155,167
TIJUANA,8,14,1919,URBANO(A),3,4,3,2,7,4,6,2,NO,OPOSITOR,3,MIXTO,MEDIA,431,119,113,120
TIJUANA,8,14,1920,URBANO(A),9,6,9,4,10,4,4,4,NO,OPOSITOR,3,POBLACION INDIGENA,MEDIA ALTA,246,97,93,98
TIJUANA,8,14,1921,URBANO(A),8,4,4,8,12,10,9,4,NO,OPOSITOR,3,MIXTO,MEDIA ALTA,618,184,175,185
TIJUANA,8,12,1922,URBANO(A),6,4,2,5,14,5,12,10,NO,OPOSITOR,3,MIXTO,MEDIA,640,200,188,201
TIJUANA,8,14,1923,URBANO(A),6,1,4,3,7,2,6,2,NO,OPOSITOR,3,MIXTO,MEDIA ALTA,491,156,150,157
TIJUANA,8,14,1924,URBANO(A),3,2,3,1,4,2,6,3,NO,OPOSITOR,3,MIXTO,MEDIA,335,112,106,113
TIJUANA,8,14,1925,URBANO(A),7,5,7,0,4,1,6,2,NO,OPOSITOR,3,MIXTO,NO DISPONIBLE,519,146,140,147
TIJUANA,8,14,1926,URBANO(A),6,5,8,3,10,6,9,4,NO,OPOSITOR,3,MIXTO,MEDIA ALTA,597,196,187,197
TIJUANA,8,14,1927,URBANO(A),9,6,6,4,7,7,10,5,NO,OPOSITOR,3,JOVENES,MEDIA ALTA,407,146,136,147
TIJUANA,8,14,1928,URBANO(A),2,3,0,1,4,3,5,1,NO,OPOSITOR,3,DISCAPACITADOS,MEDIA ALTA,435,124,119,125
TIJUANA,8,14,1929,URBANO(A),9,294,9,1,11,6,7,7,NO,OPOSITOR,3,MIXTO,ALTA,481,155,148,156
TIJUANA,8,14,1930,URBANO(A),11,7,8,4,9,5,5,3,NO,OPOSITOR,3,MIXTO,MEDIA ALTA,460,142,137,143
TIJUANA,8,14,1931,URBANO(A),8,5,6,8,11,9,5,4,NO,OPOSITOR,3,MIXTO,MEDIA ALTA,482,159,154,160
TIJUANA,8,12,1932,URBANO(A),4,3,1,2,9,5,6,3,NO,OPOSITOR,3,MIXTO,MEDIA ALTA,400,96,90,97
TIJUANA,8,14,1933,URBANO(A),6,2,6,2,6,3,9,6,NO,OPOSITOR,3,MIXTO,MEDIA ALTA,363,106,97,107
TIJUANA,8,14,1934,URBANO(A),5,5,6,2,9,5,2,1,NO,OPOSITOR,3,MIXTO,MEDIA ALTA,533,164,162,165
TIJUANA,8,14,1935,URBANO(A),8,7,6,6,8,7,11,5,NO,OPOSITOR,3,MIXTO,MEDIA ALTA,486,174,163,175
TIJUANA,8,14,1936,URBANO(A),7,4,5,4,12,5,10,5,NO,OPOSITOR,3,MIXTO,MEDIA ALTA,631,218,208,219
TIJUANA,9,14,1937,MIXTO(A),16,12,14,6,0,12,0,0,NO,SWITCH,1,POBLACION INDIGENA,MEDIA,1126,0,0,1
TIJUANA,9,14,1938,URBANO(A),71,50,66,29,78,40,68,39,NO,SWITCH,1,MIXTO,MEDIA ALTA,5074,1103,1035,1104
TIJUANA,9,14,1939,URBANO(A),34,33,30,7,33,19,8,13,NO,OPOSITOR,3,MIXTO,MEDIA,1387,178,170,179
TIJUANA,9,14,1940,URBANO(A),18,10,15,9,27,15,13,7,NO,SWITCH,1,POBLACION INDIGENA,MEDIA ALTA,1086,313,300,314
TIJUANA,9,14,1941,URBANO(A),14,12,17,11,22,12,16,7,NO,OPOSITOR,3,MIXTO,MEDIA,1186,274,258,275
TIJUANA,9,14,1942,URBANO(A),18,15,18,6,15,10,13,6,NO,OPOSITOR,3,MIXTO,MEDIA ALTA,828,131,118,132
MEXICALI,1,2,1943,URBANO(A),71,76,71,22,56,43,72,65,SI,SWITCH,1,MIXTO,ALTA,1077,339,267,340
MEXICALI,1,1,1944,URBANO(A),78,78,106,40,76,67,88,50,SI,SWITCH,1,DISCAPACITADOS,ALTA,2150,590,502,591
MEXICALI,1,2,1945,URBANO(A),61,65,62,31,60,50,54,56,SI,SWITCH,1,ADULTOS MAYORES,ALTA,750,208,154,209
MEXICALI,1,2,1946,URBANO(A),49,53,50,15,31,32,66,52,SI,SWITCH,1,MIXTO,ALTA,973,301,235,302
MEXICALI,1,1,1947,URBANO(A),105,112,109,50,93,73,191,118,SI,SWITCH,1,MIXTO,ALTA,2627,510,319,511
MEXICALI,1,1,1948,URBANO(A),73,83,77,43,90,66,136,84,SI,SWITCH,1,MIXTO,MEDIA ALTA,2496,571,435,572
MEXICALI,1,1,1949,URBANO(A),90,110,87,27,61,46,128,71,SI,SWITCH,1,MIXTO,ALTA,2441,624,496,625
MEXICALI,1,1,1950,URBANO(A),57,58,58,26,52,44,69,49,SI,SWITCH,1,JOVENES,MEDIA ALTA,1473,420,351,421
MEXICALI,1,1,1951,URBANO(A),72,88,74,22,52,38,91,54,SI,SWITCH,1,MIXTO,MEDIA ALTA,2338,593,502,594
MEXICALI,1,1,1952,URBANO(A),55,60,56,20,50,40,81,29,SI,SWITCH,1,MIXTO,MEDIA ALTA,2352,563,482,564
MEXICALI,2,5,1953,URBANO(A),50,63,51,9,34,21,68,44,SI,OPOSITOR,3,MIXTO,MEDIA ALTA,1379,339,271,340
MEXICALI,2,5,1954,MIXTO(A),27,29,19,10,31,26,24,37,SI,OPOSITOR,3,JOVENES,MEDIA ALTA,889,118,94,119
MEXICALI,2,4,1955,URBANO(A),67,72,70,16,43,29,53,71,SI,OPOSITOR,3,JOVENES,MEDIA,1348,342,289,343
MEXICALI,7,5,1956,MIXTO(A),52,62,34,17,58,30,80,58,NO,OPOSITOR,3,MIXTO,MEDIA,1489,318,238,319
MEXICALI,2,4,1957,URBANO(A),59,55,42,17,52,33,110,104,SI,OPOSITOR,3,DISCAPACITADOS,MEDIA ALTA,1467,310,200,311
MEXICALI,2,5,1958,URBANO(A),64,66,56,15,36,23,69,42,SI,OPOSITOR,3,MIXTO,MEDIA,1422,344,275,345
MEXICALI,2,4,1959,URBANO(A),28,54,49,15,41,29,56,45,SI,OPOSITOR,3,MIXTO,MEDIA ALTA,1059,249,193,250
MEXICALI,2,4,1960,URBANO(A),65,74,44,31,82,76,106,110,SI,OPOSITOR,3,MIXTO,MEDIA ALTA,1837,417,311,418
MEXICALI,2,5,1961,URBANO(A),45,46,40,18,46,29,60,45,SI,OPOSITOR,3,POBLACION INDIGENA,MEDIA ALTA,1335,287,227,288
MEXICALI,2,4,1962,URBANO(A),49,62,34,19,44,35,68,59,SI,OPOSITOR,3,MIXTO,MEDIA ALTA,1121,235,167,236
MEXICALI,2,5,1963,URBANO(A),51,58,45,16,51,43,83,62,SI,OPOSITOR,3,MIXTO,MEDIA ALTA,1536,396,313,397
MEXICALI,2,5,1964,URBANO(A),5,29,15,14,33,19,40,28,SI,OPOSITOR,3,MIXTO,MEDIA ALTA,893,225,185,226
MEXICALI,2,5,1965,URBANO(A),32,36,35,3,14,7,44,28,SI,OPOSITOR,3,MIXTO,MEDIA,1345,283,239,284
MEXICALI,2,5,1966,URBANO(A),29,27,29,7,23,16,35,31,SI,OPOSITOR,3,MIXTO,MEDIA ALTA,1286,262,227,263
MEXICALI,2,5,1967,URBANO(A),39,38,38,15,32,18,46,46,SI,OPOSITOR,3,MIXTO,MEDIA ALTA,1217,316,270,317
MEXICALI,2,5,1968,URBANO(A),50,45,47,13,56,36,66,42,SI,OPOSITOR,3,MIXTO,MEDIA,2206,424,358,425
MEXICALI,7,5,1969,RURAL,33,41,30,12,20,17,71,63,NO,SWITCH,1,MIXTO,BAJA,895,182,111,183
TECATE,9,6,1970,RURAL,0,0,0,4,3,5,12,9,NO,OPOSITOR,3,MIXTO,MEDIA BAJA,657,84,72,85
TECATE,9,6,1971,RURAL,0,0,0,0,1,2,5,6,NO,OPOSITOR,3,JOVENES,MEDIA BAJA,177,37,32,38
TECATE,9,6,1973,RURAL,0,0,0,1,0,1,1,1,NO,OPOSITOR,3,DISCAPACITADOS,MEDIA BAJA,184,46,45,47
ENSENADA,7,16,1976,URBANO(A),0,0,0,34,48,52,98,90,NO,OPOSITOR,3,MIXTO,MEDIA ALTA,2304,474,376,475
ENSENADA,7,16,1977,URBANO(A),0,0,0,35,67,66,134,114,NO,OPOSITOR,3,MIXTO,MEDIA ALTA,2554,495,361,496
ENSENADA,7,16,1978,URBANO(A),0,0,0,49,78,74,146,148,NO,OPOSITOR,3,MIXTO,ALTA,2855,566,420,567
ENSENADA,7,16,1979,URBANO(A),0,0,0,55,102,85,180,193,NO,OPOSITOR,3,MIXTO,ALTA,3210,633,453,634
ENSENADA,7,16,1980,URBANO(A),0,0,0,33,53,56,149,132,NO,OPOSITOR,3,MIXTO,MEDIA,3005,598,449,599
ENSENADA,7,16,1981,URBANO(A),0,0,0,52,78,68,195,162,NO,OPOSITOR,3,MIXTO,ALTA,3175,631,436,632
ENSENADA,7,16,1982,URBANO(A),0,0,0,23,57,52,119,116,NO,OPOSITOR,3,MIXTO,MEDIA ALTA,2248,378,259,379
ENSENADA,3,17,1983,URBANO(A),0,0,0,53,81,79,146,171,NO,OPOSITOR,3,MIXTO,ALTA,2235,410,264,411
ENSENADA,3,17,1984,URBANO(A),0,0,0,32,47,45,103,91,NO,OPOSITOR,3,POBLACION INDIGENA,MEDIA,2281,335,232,336
ENSENADA,3,17,1985,URBANO(A),0,0,0,35,52,65,103,136,NO,OPOSITOR,3,DISCAPACITADOS,MEDIA ALTA,1619,390,287,391
ENSENADA,3,17,1986,URBANO(A),0,0,0,31,40,51,105,119,NO,OPOSITOR,3,JOVENES,MEDIA ALTA,3023,743,638,744
ENSENADA,3,17,1987,URBANO(A),0,0,0,33,48,43,81,87,NO,OPOSITOR,3,POBLACION INDIGENA,MEDIA,3070,748,667,749
ENSENADA,3,17,1988,URBANO(A),0,0,0,37,50,52,108,118,NO,OPOSITOR,3,MIXTO,ALTA,2207,520,412,521
ENSENADA,3,17,1989,URBANO(A),0,0,0,32,47,41,101,94,NO,OPOSITOR,3,MIXTO,MEDIA ALTA,3293,796,695,797
ENSENADA,3,17,1990,URBANO(A),0,0,0,25,25,32,53,67,NO,OPOSITOR,3,POBLACION INDIGENA,MEDIA ALTA,2275,514,461,515
TIJUANA,4,8,1991,URBANO(A),0,0,0,7,16,12,33,27,NO,OPOSITOR,3,POBLACION INDIGENA,MEDIA BAJA,920,133,100,134
TIJUANA,4,8,1992,URBANO(A),0,0,0,69,266,153,250,213,NO,OPOSITOR,3,MIXTO,ALTA,3008,610,360,611
TIJUANA,4,8,1993,URBANO(A),0,0,0,41,122,73,93,92,NO,OPOSITOR,3,POBLACION INDIGENA,MEDIA,2682,575,482,576
TIJUANA,4,8,1994,URBANO(A),0,0,0,59,174,102,137,128,NO,OPOSITOR,3,JOVENES,ALTA,2239,570,433,571
TIJUANA,4,8,1995,URBANO(A),0,0,0,42,148,82,92,84,NO,OPOSITOR,3,JOVENES,ALTA,2049,501,409,502
TIJUANA,4,8,1996,URBANO(A),0,0,0,53,167,102,136,111,NO,OPOSITOR,3,JOVENES,MEDIA ALTA,2881,679,543,680
TIJUANA,4,8,1997,URBANO(A),0,0,0,36,100,55,78,71,NO,OPOSITOR,3,JOVENES,MEDIA ALTA,2131,489,411,490
TIJUANA,4,8,1998,URBANO(A),0,0,0,45,113,68,71,40,NO,OPOSITOR,3,MIXTO,MEDIA,2930,628,557,629
TIJUANA,4,8,1999,URBANO(A),0,0,0,24,65,34,52,33,NO,OPOSITOR,3,MIXTO,MEDIA,1980,478,426,479
TIJUANA,9,6,2000,RURAL,0,0,0,5,12,8,15,8,NO,OPOSITOR,3,POBLACION INDIGENA,BAJA,2199,232,217,233
TIJUANA,9,6,2001,URBANO(A),0,0,0,15,32,15,21,14,NO,OPOSITOR,3,JOVENES,MEDIA ALTA,2228,558,537,559
TIJUANA,9,6,2002,URBANO(A),0,0,0,9,24,15,26,14,NO,OPOSITOR,3,DISCAPACITADOS,MEDIA,2595,616,590,617
TIJUANA,9,6,2003,URBANO(A),0,0,0,10,21,11,20,22,NO,OPOSITOR,3,POBLACION INDIGENA,MEDIA,2733,851,831,852
TIJUANA,9,6,2004,URBANO(A),0,0,0,9,21,12,16,19,NO,OPOSITOR,3,POBLACION INDIGENA,MEDIA,3252,769,753,770
TIJUANA,9,6,2005,URBANO(A),0,0,0,2,9,2,12,10,NO,OPOSITOR,3,POBLACION INDIGENA,MEDIA,1258,309,297,310
TIJUANA,9,6,2006,URBANO(A),0,0,0,10,11,14,22,15,NO,OPOSITOR,3,POBLACION INDIGENA,MEDIA ALTA,2383,637,615,638
TIJUANA,9,6,2007,URBANO(A),0,0,0,8,25,11,22,19,NO,OPOSITOR,3,JOVENES,MEDIA ALTA,2687,760,738,761
TIJUANA,9,6,2008,RURAL,0,0,0,5,32,9,13,16,NO,OPOSITOR,3,MIXTO,MEDIA BAJA,1098,215,202,216
TIJUANA,9,6,2009,RURAL,0,0,0,6,19,14,24,7,NO,OPOSITOR,3,POBLACION INDIGENA,MEDIA BAJA,1362,274,250,275
TIJUANA,9,6,2010,RURAL,0,0,0,7,13,10,23,23,NO,OPOSITOR,3,POBLACION INDIGENA,BAJA,735,157,134,158
TIJUANA,9,6,2011,URBANO(A),0,0,0,13,35,19,23,14,NO,OPOSITOR,3,DISCAPACITADOS,MEDIA,1442,326,303,327
TIJUANA,9,6,2012,URBANO(A),0,0,0,12,28,22,11,8,NO,OPOSITOR,3,POBLACION INDIGENA,MEDIA,750,194,183,195
TIJUANA,9,6,2013,URBANO(A),0,0,0,4,10,6,13,7,NO,OPOSITOR,3,POBLACION INDIGENA,MEDIA,1647,364,351,365
TIJUANA,9,6,2014,URBANO(A),0,0,0,15,37,22,36,25,NO,OPOSITOR,3,JOVENES,MEDIA ALTA,2886,636,600,637
TIJUANA,9,6,2015,URBANO(A),0,0,0,4,6,5,7,71,NO,OPOSITOR,3,MIXTO,MEDIA,2727,414,407,415
TIJUANA,9,6,2016,MIXTO(A),0,0,0,17,17,16,25,20,NO,OPOSITOR,3,MIXTO,MEDIA,3116,716,691,717
TIJUANA,4,7,2017,MIXTO(A),0,0,0,25,195,15,18,14,NO,OPOSITOR,3,POBLACION INDIGENA,BAJA,3469,598,580,599
TIJUANA,4,7,2018,RURAL,0,0,0,9,17,8,8,4,NO,OPOSITOR,3,POBLACION INDIGENA,MEDIA BAJA,1513,307,299,308
TIJUANA,9,6,2019,MIXTO(A),0,0,0,16,37,19,30,18,NO,OPOSITOR,3,POBLACION INDIGENA,MEDIA,1950,479,449,480
TIJUANA,4,7,2020,MIXTO(A),0,0,0,14,35,18,27,18,NO,OPOSITOR,3,POBLACION INDIGENA,MEDIA,5471,967,940,968
TIJUANA,9,6,2021,URBANO(A),0,0,0,5,24,11,20,15,NO,OPOSITOR,3,POBLACION INDIGENA,MEDIA,1839,511,491,512
TIJUANA,9,6,2022,URBANO(A),0,0,0,7,11,15,21,96,NO,OPOSITOR,3,POBLACION INDIGENA,MEDIA,1767,460,439,461
TIJUANA,9,6,2023,URBANO(A),0,0,0,4,11,9,14,9,NO,OPOSITOR,3,MIXTO,MEDIA,762,228,214,229
TIJUANA,9,6,2024,URBANO(A),0,0,0,11,19,12,17,13,NO,OPOSITOR,3,POBLACION INDIGENA,MEDIA,1478,353,336,354
TIJUANA,9,6,2025,URBANO(A),0,0,0,15,24,15,17,18,NO,OPOSITOR,3,POBLACION INDIGENA,MEDIA,2374,625,608,626
TIJUANA,9,6,2026,URBANO(A),0,0,0,7,15,10,13,14,NO,OPOSITOR,3,JOVENES,MEDIA,1683,412,399,413
TIJUANA,9,6,2027,URBANO(A),0,0,0,9,19,17,14,21,NO,OPOSITOR,3,POBLACION INDIGENA,MEDIA,1671,382,368,383
TIJUANA,4,6,2028,MIXTO(A),0,0,0,11,18,19,55,86,NO,OPOSITOR,3,JOVENES,MEDIA,6007,1148,1093,1149
TIJUANA,9,6,2029,RURAL,0,0,0,9,16,9,7,4,NO,OPOSITOR,3,POBLACION INDIGENA,MEDIA BAJA,1032,260,253,261
TIJUANA,4,6,2030,URBANO(A),0,0,0,16,45,17,25,18,NO,OPOSITOR,3,MIXTO,MEDIA ALTA,2341,698,673,699
TIJUANA,4,6,2031,URBANO(A),0,0,0,1,8,6,7,9,NO,OPOSITOR,3,MIXTO,MEDIA ALTA,534,189,182,190
TIJUANA,4,6,2032,URBANO(A),0,0,0,7,33,20,23,10,NO,OPOSITOR,3,MIXTO,MEDIA ALTA,1435,397,374,398
TIJUANA,4,6,2033,MIXTO(A),0,0,0,27,82,48,34,28,NO,OPOSITOR,3,MIXTO,MEDIA ALTA,2415,671,637,672
ENSENADA,3,16,2034,URBANO(A),0,0,0,25,43,45,80,84,NO,OPOSITOR,3,MIXTO,MEDIA ALTA,1184,247,167,248
ENSENADA,3,16,2035,URBANO(A),0,0,0,98,155,165,344,347,NO,OPOSITOR,3,MIXTO,ALTA,2940,554,210,555
ENSENADA,3,17,2036,URBANO(A),0,0,0,6,4,7,6,6,NO,OPOSITOR,3,POBLACION INDIGENA,BAJA,536,133,127,134
ENSENADA,3,17,2037,URBANO(A),0,0,0,44,65,71,79,85,NO,OPOSITOR,3,POBLACION INDIGENA,MEDIA BAJA,2825,618,539,619
TIJUANA,6,11,2038,URBANO(A),0,0,0,22,65,38,47,43,NO,OPOSITOR,3,MIXTO,MEDIA,2088,409,362,410
TIJUANA,6,11,2039,URBANO(A),0,0,0,35,93,68,54,61,NO,OPOSITOR,3,JOVENES,MEDIA,1354,336,282,337
TIJUANA,6,11,2040,RURAL,0,0,0,14,30,18,25,23,NO,OPOSITOR,3,POBLACION INDIGENA,MEDIA BAJA,1673,329,304,330
TIJUANA,6,11,2041,RURAL,0,0,0,67,118,70,120,110,NO,OPOSITOR,3,POBLACION INDIGENA,MEDIA,4660,837,717,838
TIJUANA,6,11,2042,URBANO(A),0,0,0,53,210,117,175,155,NO,OPOSITOR,3,MIXTO,ALTA,1946,383,208,384
TIJUANA,6,11,2043,URBANO(A),0,0,0,87,273,150,248,212,NO,OPOSITOR,3,MIXTO,ALTA,3411,860,612,861
TECATE,9,6,2044,URBANO(A),0,0,0,32,31,66,44,57,NO,OPOSITOR,3,MIXTO,MEDIA ALTA,1539,261,217,262
TECATE,9,6,2045,URBANO(A),0,0,0,29,31,57,56,66,NO,OPOSITOR,3,MIXTO,MEDIA ALTA,2806,493,437,494
TECATE,9,6,2046,MIXTO(A),0,0,0,46,44,84,57,100,NO,OPOSITOR,3,MIXTO,MEDIA,3053,537,480,538
TECATE,9,6,2047,MIXTO(A),0,0,0,20,17,30,23,24,NO,OPOSITOR,3,MIXTO,MEDIA,1513,228,205,229
TIJUANA,8,12,2048,URBANO(A),0,0,0,164,492,344,425,394,NO,OPOSITOR,3,MIXTO,ALTA,3350,695,270,696
TIJUANA,8,12,2049,URBANO(A),0,0,0,22,59,36,66,39,NO,OPOSITOR,3,POBLACION INDIGENA,MEDIA,2327,554,488,555
TIJUANA,8,13,2050,URBANO(A),0,0,0,46,96,61,101,82,NO,OPOSITOR,3,MIXTO,MEDIA,3576,862,761,863
TIJUANA,8,13,2051,URBANO(A),0,0,0,32,120,39,69,89,NO,OPOSITOR,3,POBLACION INDIGENA,MEDIA,2671,835,766,836
TIJUANA,8,12,2052,URBANO(A),0,0,0,24,75,36,59,49,NO,OPOSITOR,3,MIXTO,MEDIA,2380,445,386,446
TIJUANA,8,12,2053,URBANO(A),0,0,0,21,62,38,53,34,NO,OPOSITOR,3,MIXTO,ALTA,1327,401,348,402
MEXICALI,1,1,2054,URBANO(A),0,0,0,0,0,0,49,38,SI,OPOSITOR,3,N/D,NO DISPONIBLE,3068,460,411,461
MEXICALI,1,1,2055,URBANO(A),0,0,0,0,0,0,72,88,SI,OPOSITOR,3,N/D,NO DISPONIBLE,1578,238,166,239
MEXICALI,1,1,2056,URBANO(A),0,0,0,0,0,0,62,32,SI,OPOSITOR,3,N/D,NO DISPONIBLE,2403,501,439,502
MEXICALI,1,1,2057,URBANO(A),0,0,0,0,0,0,64,48,SI,OPOSITOR,3,N/D,NO DISPONIBLE,3734,758,694,759
TIJUANA,4,8,2058,URBANO(A),0,0,0,0,0,0,54,40,NO,OPOSITOR,3,N/D,NO DISPONIBLE,3122,708,654,709
TIJUANA,4,8,2059,URBANO(A),0,0,0,0,0,0,8,9,NO,OPOSITOR,3,N/D,NO DISPONIBLE,2713,327,319,328
TIJUANA,4,8,2060,URBANO(A),0,0,0,0,0,0,54,50,NO,OPOSITOR,3,N/D,NO DISPONIBLE,2841,714,660,715
TIJUANA,4,8,2061,URBANO(A),0,0,0,0,0,0,55,35,NO,OPOSITOR,3,N/D,NO DISPONIBLE,3579,812,757,813
TIJUANA,4,8,2062,URBANO(A),0,0,0,0,0,0,54,35,NO,OPOSITOR,3,N/D,NO DISPONIBLE,3242,636,582,637
TIJUANA,4,8,2063,URBANO(A),0,0,0,0,0,0,23,23,NO,OPOSITOR,3,N/D,NO DISPONIBLE,2505,546,523,547
TIJUANA,5,10,2064,URBANO(A),0,0,0,0,0,0,728,892,SI,LEAL,2,N/D,NO DISPONIBLE,2296,179,-549,180
TIJUANA,5,10,2065,URBANO(A),0,0,0,0,0,0,763,928,SI,LEAL,2,N/D,NO DISPONIBLE,2439,182,-581,183
TIJUANA,5,9,2066,URBANO(A),0,0,0,0,0,0,292,257,SI,OPOSITOR,3,N/D,NO DISPONIBLE,2263,532,240,533
TIJUANA,5,9,2067,URBANO(A),0,0,0,0,0,0,671,633,SI,LEAL,2,N/D,NO DISPONIBLE,2740,421,-250,422
TIJUANA,5,8,2068,URBANO(A),0,0,0,0,0,0,40,33,SI,OPOSITOR,3,N/D,NO DISPONIBLE,2270,484,444,485
TIJUANA,5,8,2069,URBANO(A),0,0,0,0,0,0,71,78,SI,OPOSITOR,3,N/D,NO DISPONIBLE,2006,433,362,434
TIJUANA,5,8,2070,URBANO(A),0,0,0,0,0,0,67,44,SI,OPOSITOR,3,N/D,NO DISPONIBLE,2852,590,523,591
TIJUANA,5,8,2071,URBANO(A),0,0,0,0,0,0,71,88,SI,OPOSITOR,3,N/D,NO DISPONIBLE,2946,590,519,591
TIJUANA,5,8,2072,URBANO(A),0,0,0,0,0,0,203,189,SI,OPOSITOR,3,N/D,NO DISPONIBLE,2696,534,331,535
TIJUANA,5,8,2073,URBANO(A),0,0,0,0,0,0,126,108,SI,OPOSITOR,3,N/D,NO DISPONIBLE,1991,459,333,460
TIJUANA,5,8,2074,URBANO(A),0,0,0,0,0,0,194,150,SI,OPOSITOR,3,N/D,NO DISPONIBLE,2869,799,605,800
PLAYAS DE ROSARITO,9,15,2075,URBANO(A),0,0,0,0,0,0,0,111,NO,OPOSITOR,3,N/D,NO DISPONIBLE,3572,517,517,518
PLAYAS DE ROSARITO,9,15,2076,URBANO(A),0,0,0,0,0,0,0,75,NO,OPOSITOR,3,N/D,NO DISPONIBLE,1492,158,158,159
PLAYAS DE ROSARITO,9,15,2077,URBANO(A),0,0,0,0,0,0,0,57,NO,OPOSITOR,3,N/D,NO DISPONIBLE,1682,297,297,298
PLAYAS DE ROSARITO,9,15,2078,URBANO(A),0,0,0,0,0,0,0,137,NO,OPOSITOR,3,N/D,NO DISPONIBLE,2547,356,356,357
PLAYAS DE ROSARITO,9,15,2079,URBANO(A),0,0,0,0,0,0,0,253,NO,OPOSITOR,3,N/D,NO DISPONIBLE,3523,463,463,464
PLAYAS DE ROSARITO,9,15,2080,URBANO(A),0,0,0,0,0,0,0,65,NO,OPOSITOR,3,N/D,NO DISPONIBLE,1237,193,193,194
TIJUANA,8,12,2081,URBANO(A),0,0,0,0,0,0,113,79,NO,OPOSITOR,3,N/D,NO DISPONIBLE,2704,633,520,634
TIJUANA,8,12,2082,URBANO(A),0,0,0,0,0,0,219,223,NO,LEAL,2,N/D,NO DISPONIBLE,1650,227,8,228
TIJUANA,8,12,2083,URBANO(A),0,0,0,0,0,0,66,41,NO,OPOSITOR,3,N/D,NO DISPONIBLE,1415,227,161,228
TIJUANA,8,12,2084,URBANO(A),0,0,0,0,0,0,255,140,NO,LEAL,2,N/D,NO DISPONIBLE,1421,234,-21,235
TIJUANA,8,12,2085,URBANO(A),0,0,0,0,0,0,487,470,NO,LEAL,2,N/D,NO DISPONIBLE,3199,498,11,499
TIJUANA,8,13,2086,URBANO(A),0,0,0,0,0,0,162,118,NO,OPOSITOR,3,N/D,NO DISPONIBLE,3150,700,538,701
TIJUANA,8,13,2087,URBANO(A),0,0,0,0,0,0,102,75,NO,OPOSITOR,3,N/D,NO DISPONIBLE,2018,508,406,509
TIJUANA,8,13,2088,URBANO(A),0,0,0,0,0,0,147,96,NO,OPOSITOR,3,N/D,NO DISPONIBLE,2676,689,542,690
MEXICALI,1,2,2089,URBANO(A),0,0,0,0,0,0,142,102,SI,OPOSITOR,3,N/D,NO DISPONIBLE,1354,264,122,265
MEXICALI,1,2,2090,URBANO(A),0,0,0,0,0,0,362,315,SI,OPOSITOR,3,N/D,NO DISPONIBLE,2766,700,338,701
MEXICALI,1,2,2091,URBANO(A),0,0,0,0,0,0,320,239,SI,OPOSITOR,3,N/D,NO DISPONIBLE,2723,721,401,722
MEXICALI,1,2,2092,URBANO(A),0,0,0,0,0,0,346,290,SI,OPOSITOR,3,N/D,NO DISPONIBLE,2792,627,281,628
MEXICALI,1,2,2093,URBANO(A),0,0,0,0,0,0,349,284,SI,OPOSITOR,3,N/D,NO DISPONIBLE,2703,636,287,637
MEXICALI,1,2,2094,URBANO(A),0,0,0,0,0,0,185,142,SI,OPOSITOR,3,N/D,NO DISPONIBLE,2201,534,349,535
MEXICALI,1,2,2095,URBANO(A),0,0,0,0,0,0,340,262,SI,OPOSITOR,3,N/D,NO DISPONIBLE,2021,490,150,491
MEXICALI,2,4,2096,MIXTO(A),0,0,0,0,0,0,80,68,SI,OPOSITOR,3,N/D,NO DISPONIBLE,2299,418,338,419
MEXICALI,2,4,2097,MIXTO(A),0,0,0,0,0,0,56,76,SI,OPOSITOR,3,N/D,NO DISPONIBLE,2163,468,412,469
MEXICALI,2,4,2098,URBANO(A),0,0,0,0,0,0,141,197,SI,OPOSITOR,3,N/D,NO DISPONIBLE,2996,680,539,681
MEXICALI,2,4,2099,URBANO(A),0,0,0,0,0,0,82,102,SI,OPOSITOR,3,N/D,NO DISPONIBLE,2145,431,349,432
MEXICALI,2,4,2100,URBANO(A),0,0,0,0,0,0,130,143,SI,OPOSITOR,3,N/D,NO DISPONIBLE,2990,652,522,653
MEXICALI,2,4,2101,URBANO(A),0,0,0,0,0,0,95,124,SI,OPOSITOR,3,N/D,NO DISPONIBLE,1881,400,305,401
MEXICALI,2,4,2102,MIXTO(A),0,0,0,0,0,0,137,161,SI,OPOSITOR,3,N/D,NO DISPONIBLE,2032,440,303,441
ENSENADA,3,17,2103,RURAL,0,0,0,0,0,0,80,66,NO,OPOSITOR,3,N/D,NO DISPONIBLE,2258,438,358,439
ENSENADA,3,17,2104,RURAL,0,0,0,0,0,0,68,52,NO,OPOSITOR,3,N/D,NO DISPONIBLE,2414,437,369,438
ENSENADA,3,17,2105,RURAL,0,0,0,0,0,0,48,61,NO,OPOSITOR,3,N/D,NO DISPONIBLE,1575,265,217,266
ENSENADA,3,17,2106,RURAL,0,0,0,0,0,0,19,19,NO,OPOSITOR,3,N/D,NO DISPONIBLE,2759,500,481,501
ENSENADA,3,17,2107,RURAL,0,0,0,0,0,0,68,64,NO,OPOSITOR,3,N/D,NO DISPONIBLE,3728,640,572,641
TIJUANA,9,14,2108,MIXTO(A),0,0,0,0,0,0,28,18,NO,OPOSITOR,3,N/D,NO DISPONIBLE,3145,653,625,654
TIJUANA,9,14,2109,URBANO(A),0,0,0,0,0,0,15,9,NO,OPOSITOR,3,N/D,NO DISPONIBLE,2419,495,480,496
TIJUANA,9,14,2110,MIXTO(A),0,0,0,0,0,0,4,3,NO,OPOSITOR,3,N/D,NO DISPONIBLE,1507,244,240,245
TIJUANA,9,14,2111,URBANO(A),0,0,0,0,0,0,15,8,NO,OPOSITOR,3,N/D,NO DISPONIBLE,1351,332,317,333
TIJUANA,9,14,2112,URBANO(A),0,0,0,0,0,0,31,15,NO,OPOSITOR,3,N/D,NO DISPONIBLE,2027,490,459,491
TIJUANA,9,14,2113,URBANO(A),0,0,0,0,0,0,14,10,NO,OPOSITOR,3,N/D,NO DISPONIBLE,1451,322,308,323
TIJUANA,9,14,2114,URBANO(A),0,0,0,0,0,0,38,18,NO,OPOSITOR,3,N/D,NO DISPONIBLE,2452,572,534,573
TIJUANA,9,14,2115,MIXTO(A),0,0,0,0,0,0,27,17,NO,OPOSITOR,3,N/D,NO DISPONIBLE,7326,749,722,750
TIJUANA,9,14,2116,URBANO(A),0,0,0,0,0,0,17,7,NO,OPOSITOR,3,N/D,NO DISPONIBLE,1465,380,363,381
TIJUANA,9,14,2117,URBANO(A),0,0,0,0,0,0,49,19,NO,OPOSITOR,3,N/D,NO DISPONIBLE,2318,529,480,530
TIJUANA,9,14,2118,URBANO(A),0,0,0,0,0,0,47,33,NO,OPOSITOR,3,N/D,NO DISPONIBLE,3301,884,837,885
TIJUANA,9,14,2119,URBANO(A),0,0,0,0,0,0,23,15,NO,OPOSITOR,3,N/D,NO DISPONIBLE,2549,544,521,545
TIJUANA,9,14,2120,URBANO(A),0,0,0,0,0,0,17,7,NO,OPOSITOR,3,N/D,NO DISPONIBLE,2075,450,433,451
TIJUANA,9,14,2121,URBANO(A),0,0,0,0,0,0,13,10,NO,OPOSITOR,3,N/D,NO DISPONIBLE,1635,314,301,315
TIJUANA,9,14,2122,URBANO(A),0,0,0,0,0,0,19,13,NO,OPOSITOR,3,N/D,NO DISPONIBLE,1728,367,348,368
TIJUANA,9,14,2123,URBANO(A),0,0,0,0,0,0,13,6,NO,OPOSITOR,3,N/D,NO DISPONIBLE,2588,476,463,477
TIJUANA,9,14,2124,URBANO(A),0,0,0,0,0,0,8,5,NO,OPOSITOR,3,N/D,NO DISPONIBLE,2686,402,394,403
TIJUANA,9,14,2125,URBANO(A),0,0,0,0,0,0,15,10,NO,OPOSITOR,3,N/D,NO DISPONIBLE,1843,373,358,374
TIJUANA,5,8,2126,URBANO(A),0,0,0,0,0,0,80,66,SI,OPOSITOR,3,N/D,NO DISPONIBLE,2898,769,689,770
TIJUANA,5,8,2127,URBANO(A),0,0,0,0,0,0,163,151,SI,OPOSITOR,3,N/D,NO DISPONIBLE,2549,690,527,691
TIJUANA,5,8,2128,URBANO(A),0,0,0,0,0,0,67,60,SI,OPOSITOR,3,N/D,NO DISPONIBLE,1212,316,249,317
TIJUANA,5,8,2129,URBANO(A),0,0,0,0,0,0,162,135,SI,OPOSITOR,3,N/D,NO DISPONIBLE,2594,661,499,662
TIJUANA,6,11,2130,RURAL,0,0,0,0,0,0,16,5,NO,OPOSITOR,3,N/D,NO DISPONIBLE,559,126,110,127
TIJUANA,6,11,2131,MIXTO(A),0,0,0,0,0,0,259,243,NO,OPOSITOR,3,N/D,NO DISPONIBLE,3504,682,423,683
TIJUANA,6,11,2132,RURAL,0,0,0,0,0,0,181,170,NO,OPOSITOR,3,N/D,NO DISPONIBLE,3183,430,249,431
TIJUANA,6,11,2133,MIXTO(A),0,0,0,0,0,0,167,132,NO,OPOSITOR,3,N/D,NO DISPONIBLE,3474,659,492,660
TIJUANA,6,11,2134,MIXTO(A),0,0,0,0,0,0,48,37,NO,OPOSITOR,3,N/D,NO DISPONIBLE,1549,380,332,381
TIJUANA,6,11,2135,URBANO(A),0,0,0,0,0,0,184,147,NO,OPOSITOR,3,N/D,NO DISPONIBLE,2193,511,327,512
TIJUANA,6,11,2136,URBANO(A),0,0,0,0,0,0,99,95,NO,OPOSITOR,3,N/D,NO DISPONIBLE,2129,447,348,448
TIJUANA,6,11,2137,URBANO(A),0,0,0,0,0,0,74,52,NO,OPOSITOR,3,N/D,NO DISPONIBLE,1245,300,226,301
TIJUANA,6,11,2138,URBANO(A),0,0,0,0,0,0,311,267,NO,OPOSITOR,3,N/D,NO DISPONIBLE,2036,425,114,426
TIJUANA,6,11,2139,URBANO(A),0,0,0,0,0,0,173,167,NO,OPOSITOR,3,N/D,NO DISPONIBLE,1484,314,141,315
ENSENADA,7,16,2140,URBANO(A),0,0,0,0,0,0,34,25,NO,OPOSITOR,3,N/D,NO DISPONIBLE,2368,381,347,382
ENSENADA,7,16,2141,URBANO(A),0,0,0,0,0,0,64,49,NO,OPOSITOR,3,N/D,NO DISPONIBLE,2099,407,343,408
ENSENADA,7,16,2142,URBANO(A),0,0,0,0,0,0,75,56,NO,OPOSITOR,3,N/D,NO DISPONIBLE,3057,604,529,605
ENSENADA,7,16,2143,URBANO(A),0,0,0,0,0,0,48,45,NO,OPOSITOR,3,N/D,NO DISPONIBLE,2087,471,423,472
ENSENADA,7,16,2144,URBANO(A),0,0,0,0,0,0,70,64,NO,OPOSITOR,3,N/D,NO DISPONIBLE,2779,524,454,525
ENSENADA,7,16,2145,URBANO(A),0,0,0,0,0,0,56,57,NO,OPOSITOR,3,N/D,NO DISPONIBLE,2981,535,479,536
ENSENADA,7,16,2146,URBANO(A),0,0,0,0,0,0,64,54,NO,OPOSITOR,3,N/D,NO DISPONIBLE,2910,538,474,539
TIJUANA,8,13,2147,RURAL,0,0,0,0,0,0,59,73,NO,OPOSITOR,3,N/D,NO DISPONIBLE,667,133,74,134
TIJUANA,8,13,2148,MIXTO(A),0,0,0,0,0,0,24,21,NO,OPOSITOR,3,N/D,NO DISPONIBLE,2429,574,550,575
TIJUANA,8,13,2149,MIXTO(A),0,0,0,0,0,0,43,41,NO,OPOSITOR,3,N/D,NO DISPONIBLE,824,194,151,195
TIJUANA,8,13,2150,MIXTO(A),0,0,0,0,0,0,27,28,NO,OPOSITOR,3,N/D,NO DISPONIBLE,599,132,105,133
TIJUANA,8,13,2151,URBANO(A),0,0,0,0,0,0,92,84,NO,OPOSITOR,3,N/D,NO DISPONIBLE,1723,460,368,461
TIJUANA,8,13,2152,URBANO(A),0,0,0,0,0,0,67,55,NO,OPOSITOR,3,N/D,NO DISPONIBLE,3161,772,705,773
TIJUANA,8,13,2153,RURAL,0,0,0,0,0,0,6,1,NO,OPOSITOR,3,N/D,NO DISPONIBLE,482,130,124,131
TIJUANA,8,13,2154,URBANO(A),0,0,0,0,0,0,25,17,NO,OPOSITOR,3,N/D,NO DISPONIBLE,1515,382,357,383
TIJUANA,8,13,2155,URBANO(A),0,0,0,0,0,0,26,20,NO,OPOSITOR,3,N/D,NO DISPONIBLE,2322,534,508,535
TIJUANA,8,13,2156,URBANO(A),0,0,0,0,0,0,32,26,NO,OPOSITOR,3,N/D,NO DISPONIBLE,2315,535,503,536
TIJUANA,8,13,2157,URBANO(A),0,0,0,0,0,0,16,14,NO,OPOSITOR,3,N/D,NO DISPONIBLE,1434,370,354,371
TIJUANA,8,13,2158,URBANO(A),0,0,0,0,0,0,26,22,NO,OPOSITOR,3,N/D,NO DISPONIBLE,2584,552,526,553
TIJUANA,5,13,2159,URBANO(A),0,0,0,0,0,0,317,388,SI,LEAL,2,N/D,NO DISPONIBLE,2024,283,-34,284
TIJUANA,5,13,2160,URBANO(A),0,0,0,0,0,0,151,150,SI,OPOSITOR,3,N/D,NO DISPONIBLE,1605,338,187,339
PLAYAS DE ROSARITO,9,15,2161,RURAL,0,0,0,0,0,0,0,52,NO,OPOSITOR,3,N/D,NO DISPONIBLE,1500,193,193,194
PLAYAS DE ROSARITO,9,15,2162,RURAL,0,0,0,0,0,0,0,51,NO,OPOSITOR,3,N/D,NO DISPONIBLE,1885,380,380,381
PLAYAS DE ROSARITO,9,15,2163,RURAL,0,0,0,0,0,0,0,19,NO,OPOSITOR,3,N/D,NO DISPONIBLE,993,151,151,152
MEXICALI,1,2,2164,URBANO(A),0,0,0,0,0,0,0,0,SI,LEAL,2,MIXTO,ALTA,2132,0,0,633
MEXICALI,1,2,2165,URBANO(A),0,0,0,0,0,0,0,0,SI,LEAL,2,MIXTO,ALTA,1852,0,0,546
MEXICALI,1,2,2166,URBANO(A),0,0,0,0,0,0,0,0,SI,LEAL,2,MIXTO,ALTA,2318,0,0,687
MEXICALI,1,2,2167,URBANO(A),0,0,0,0,0,0,0,0,SI,LEAL,2,MIXTO,MEDIA ALTA,1519,0,0,449
MEXICALI,1,2,2168,URBANO(A),0,0,0,0,0,0,0,0,SI,LEAL,2,MIXTO,MEDIA ALTA,2359,0,0,701
MEXICALI,1,2,2169,URBANO(A),0,0,0,0,0,0,0,0,SI,LEAL,2,MIXTO,ALTA,1891,0,0,563
MEXICALI,1,2,2170,URBANO(A),0,0,0,0,0,0,0,0,SI,LEAL,2,MIXTO,MEDIA ALTA,1763,0,0,521
MEXICALI,1,2,2171,URBANO(A),0,0,0,0,0,0,0,0,SI,LEAL,2,MIXTO,ALTA,2654,0,0,786
MEXICALI,1,2,2172,URBANO(A),0,0,0,0,0,0,0,0,SI,SWITCH,1,MIXTO,MEDIA ALTA,2299,0,0,682
MEXICALI,1,2,2173,URBANO(A),0,0,0,0,0,0,0,0,SI,SWITCH,1,MIXTO,MEDIA ALTA,2419,0,0,718
MEXICALI,1,2,2174,URBANO(A),0,0,0,0,0,0,0,0,SI,SWITCH,1,MIXTO,MEDIA ALTA,1335,0,0,394
MEXICALI,1,2,2175,URBANO(A),0,0,0,0,0,0,0,0,SI,SWITCH,1,MIXTO,MEDIA ALTA,2968,0,0,879
MEXICALI,1,2,2176,URBANO(A),0,0,0,0,0,0,0,0,SI,SWITCH,1,MIXTO,MEDIA ALTA,1537,0,0,454
MEXICALI,1,2,2177,URBANO(A),0,0,0,0,0,0,0,0,SI,SWITCH,1,MIXTO,MEDIA,1667,0,0,493
MEXICALI,1,2,2178,URBANO(A),0,0,0,0,0,0,0,0,SI,LEAL,2,MIXTO,MEDIA,1300,0,0,386
MEXICALI,1,2,2179,URBANO(A),0,0,0,0,0,0,0,0,SI,LEAL,2,MIXTO,MEDIA ALTA,2139,0,0,630
MEXICALI,1,2,2180,URBANO(A),0,0,0,0,0,0,0,0,SI,SWITCH,1,MIXTO,MEDIA,2527,0,0,747
MEXICALI,1,2,2181,URBANO(A),0,0,0,0,0,0,0,0,SI,OPOSITOR,3,MIXTO,BAJA,2145,0,0,641
MEXICALI,1,2,2182,URBANO(A),0,0,0,0,0,0,0,0,SI,OPOSITOR,3,MIXTO,BAJA,2598,0,0,770
MEXICALI,1,2,2183,URBANO(A),0,0,0,0,0,0,0,0,SI,LEAL,2,JOVENES,MEDIA ALTA,3208,0,0,942
MEXICALI,1,2,2184,URBANO(A),0,0,0,0,0,0,0,0,SI,LEAL,2,MIXTO,MEDIA ALTA,2562,0,0,759
MEXICALI,1,1,2185,URBANO(A),0,0,0,0,0,0,0,0,SI,OPOSITOR,3,MIXTO,BAJA,1632,0,0,467
MEXICALI,1,1,2186,MIXTO(A),0,0,0,0,0,0,0,0,NO,OPOSITOR,3,MIXTO,BAJA,2714,0,0,792
MEXICALI,1,1,2187,URBANO(A),0,0,0,0,0,0,0,0,NO,OPOSITOR,3,MIXTO,BAJA,2477,0,0,730
MEXICALI,1,1,2188,URBANO(A),0,0,0,0,0,0,0,0,NO,OPOSITOR,3,MIXTO,BAJA,1312,0,0,386
MEXICALI,1,1,2189,URBANO(A),0,0,0,0,0,0,0,0,NO,OPOSITOR,3,MIXTO,BAJA,2299,0,0,680
MEXICALI,1,1,2190,URBANO(A),0,0,0,0,0,0,0,0,NO,OPOSITOR,3,MIXTO,BAJA,1900,0,0,559
MEXICALI,1,1,2191,MIXTO(A),0,0,0,0,0,0,0,0,NO,OPOSITOR,3,MIXTO,BAJA,2213,0,0,648
MEXICALI,1,1,2192,URBANO(A),0,0,0,0,0,0,0,0,NO,OPOSITOR,3,MIXTO,BAJA,2495,0,0,746
MEXICALI,1,1,2193,URBANO(A),0,0,0,0,0,0,0,0,NO,OPOSITOR,3,MIXTO,BAJA,1983,0,0,587
MEXICALI,1,1,2194,URBANO(A),0,0,0,0,0,0,0,0,NO,OPOSITOR,3,MIXTO,BAJA,1413,0,0,413
MEXICALI,2,4,2195,URBANO(A),0,0,0,0,0,0,0,0,NO,OPOSITOR,3,MIXTO,BAJA,2062,0,0,612
MEXICALI,2,4,2196,URBANO(A),0,0,0,0,0,0,0,0,NO,OPOSITOR,3,MIXTO,BAJA,2082,0,0,614
MEXICALI,2,4,2197,URBANO(A),0,0,0,0,0,0,0,0,NO,OPOSITOR,3,MIXTO,BAJA,1531,0,0,451
MEXICALI,2,4,2198,URBANO(A),0,0,0,0,0,0,0,0,NO,OPOSITOR,3,MIXTO,BAJA,2829,0,0,838
MEXICALI,2,4,2199,URBANO(A),0,0,0,0,0,0,0,0,NO,OPOSITOR,3,MIXTO,BAJA,2168,0,0,642
MEXICALI,2,4,2200,URBANO(A),0,0,0,0,0,0,0,0,NO,OPOSITOR,3,MIXTO,BAJA,2666,0,0,791
ENSENADA,7,16,2201,MIXTO(A),0,0,0,0,0,0,0,0,NO,N/D,1,N/D,N/D,3048,0,0,905
ENSENADA,7,16,2202,MIXTO(A),0,0,0,0,0,0,0,0,NO,N/D,1,N/D,N/D,2800,0,0,830
ENSENADA,7,16,2203,URBANO(A),0,0,0,0,0,0,0,0,NO,N/D,1,N/D,N/D,2805,0,0,836
ENSENADA,7,16,2204,MIXTO(A),0,0,0,0,0,0,0,0,NO,N/D,1,N/D,N/D,3183,0,0,946
ENSENADA,7,16,2205,RURAL,0,0,0,0,0,0,0,0,NO,N/D,1,N/D,N/D,1822,0,0,536
ENSENADA,7,16,2206,MIXTO(A),0,0,0,0,0,0,0,0,NO,N/D,1,N/D,N/D,1254,0,0,371
ENSENADA,7,16,2207,RURAL,0,0,0,0,0,0,0,0,NO,N/D,1,N/D,N/D,772,0,0,224
ENSENADA,7,16,2208,MIXTO(A),0,0,0,0,0,0,0,0,NO,N/D,1,N/D,N/D,1515,0,0,447
ENSENADA,7,16,2209,URBANO(A),0,0,0,0,0,0,0,0,NO,N/D,1,N/D,N/D,3229,0,0,955
MEXICALI,2,5,2210,URBANO(A),0,0,0,0,0,0,0,0,NO,OPOSITOR,3,MIXTO,BAJA,1726,0,0,512
MEXICALI,2,5,2211,URBANO(A),0,0,0,0,0,0,0,0,NO,OPOSITOR,3,MIXTO,BAJA,2951,0,0,874
MEXICALI,2,5,2212,URBANO(A),0,0,0,0,0,0,0,0,NO,OPOSITOR,3,MIXTO,BAJA,1923,0,0,570
MEXICALI,2,5,2213,URBANO(A),0,0,0,0,0,0,0,0,NO,OPOSITOR,3,MIXTO,BAJA,2005,0,0,595
MEXICALI,2,5,2214,URBANO(A),0,0,0,0,0,0,0,0,NO,OPOSITOR,3,MIXTO,BAJA,2711,0,0,807
MEXICALI,2,5,2215,URBANO(A),0,0,0,0,0,0,0,0,NO,OPOSITOR,3,MIXTO,BAJA,2052,0,0,608
TECATE,9,6,2216,URBANO(A),0,0,0,0,0,0,0,0,NO,N/D,1,N/D,N/D,2700,0,0,798
TECATE,9,6,2217,URBANO(A),0,0,0,0,0,0,0,0,NO,N/D,1,N/D,N/D,1352,0,0,399
TECATE,9,6,2218,URBANO(A),0,0,0,0,0,0,0,0,NO,N/D,1,N/D,N/D,1289,0,0,379
TECATE,9,6,2219,MIXTO(A),0,0,0,0,0,0,0,0,NO,N/D,1,N/D,N/D,3414,0,0,1013
TECATE,9,6,2220,URBANO(A),0,0,0,0,0,0,0,0,NO,N/D,1,N/D,N/D,2347,0,0,694
TECATE,9,6,2221,URBANO(A),0,0,0,0,0,0,0,0,NO,N/D,1,N/D,N/D,2798,0,0,827
TECATE,9,6,2222,URBANO(A),0,0,0,0,0,0,0,0,NO,N/D,1,N/D,N/D,2628,0,0,776
MEXICALI,1,2,2225,URBANO(A),0,0,0,0,0,0,0,0,NO,N/D,1,N/D,N/D,2038,0,0,0
MEXICALI,1,2,2226,URBANO(A),0,0,0,0,0,0,0,0,NO,N/D,1,N/D,N/D,2155,0,0,0
MEXICALI,1,2,2227,URBANO(A),0,0,0,0,0,0,0,0,NO,N/D,1,N/D,N/D,1335,0,0,0
MEXICALI,1,2,2228,URBANO(A),0,0,0,0,0,0,0,0,NO,N/D,1,N/D,N/D,2137,0,0,0
MEXICALI,1,2,2223,URBANO(A),0,0,0,0,0,0,0,0,NO,N/D,1,N/D,N/D,899,0,0,0
MEXICALI,1,2,2224,URBANO(A),0,0,0,0,0,0,0,0,NO,N/D,1,N/D,N/D,2186,0,0,0
MEXICALI,1,2,2229,URBANO(A),0,0,0,0,0,0,0,0,NO,N/D,1,N/D,N/D,1160,0,0,0
MEXICALI,1,2,2230,URBANO(A),0,0,0,0,0,0,0,0,NO,N/D,1,N/D,N/D,867,0,0,0
MEXICALI,1,2,2231,URBANO(A),0,0,0,0,0,0,0,0,NO,N/D,1,N/D,N/D,1653,0,0,0
MEXICALI,1,2,2232,URBANO(A),0,0,0,0,0,0,0,0,NO,N/D,1,N/D,N/D,1851,0,0,0
MEXICALI,1,2,2233,URBANO(A),0,0,0,0,0,0,0,0,NO,N/D,1,N/D,N/D,1972,0,0,0
MEXICALI,1,2,2234,URBANO(A),0,0,0,0,0,0,0,0,NO,N/D,1,N/D,N/D,1817,0,0,0
MEXICALI,2,4,2235,URBANO(A),0,0,0,0,0,0,0,0,NO,N/D,N/D,N/D,N/D,1971,0,0,0
MEXICALI,2,4,2236,URBANO(A),0,0,0,0,0,0,0,0,NO,N/D,N/D,N/D,N/D,2078,0,0,0
MEXICALI,2,4,2237,URBANO(A),0,0,0,0,0,0,0,0,NO,N/D,N/D,N/D,N/D,2035,0,0,0
MEXICALI,2,4,2238,URBANO(A),0,0,0,0,0,0,0,0,NO,N/D,N/D,N/D,N/D,2150,0,0,0
MEXICALI,2,5,2251,URBANO(A),0,0,0,0,0,0,0,0,NO,N/D,N/D,N/D,N/D,1426,0,0,0
MEXICALI,2,4,2239,URBANO(A),0,0,0,0,0,0,0,0,NO,N/D,N/D,N/D,N/D,2069,0,0,0
MEXICALI,2,4,2240,MIXTO(A),0,0,0,0,0,0,0,0,NO,N/D,N/D,N/D,N/D,1495,0,0,0
MEXICALI,2,4,2241,URBANO(A),0,0,0,0,0,0,0,0,NO,N/D,N/D,N/D,N/D,1297,0,0,0
MEXICALI,2,4,2242,URBANO(A),0,0,0,0,0,0,0,0,NO,N/D,N/D,N/D,N/D,2001,0,0,0
MEXICALI,2,4,2243,URBANO(A),0,0,0,0,0,0,0,0,NO,N/D,N/D,N/D,N/D,1078,0,0,0
MEXICALI,2,4,2244,URBANO(A),0,0,0,0,0,0,0,0,NO,N/D,N/D,N/D,N/D,1921,0,0,0
MEXICALI,2,4,2245,URBANO(A),0,0,0,0,0,0,0,0,NO,N/D,N/D,N/D,N/D,1743,0,0,0
MEXICALI,2,5,2246,URBANO(A),0,0,0,0,0,0,0,0,NO,N/D,N/D,N/D,N/D,1926,0,0,0
MEXICALI,2,5,2247,URBANO(A),0,0,0,0,0,0,0,0,NO,N/D,N/D,N/D,N/D,1171,0,0,0
MEXICALI,2,5,2248,URBANO(A),0,0,0,0,0,0,0,0,NO,N/D,N/D,N/D,N/D,1615,0,0,0
MEXICALI,2,5,2249,URBANO(A),0,0,0,0,0,0,0,0,NO,N/D,N/D,N/D,N/D,2120,0,0,0
MEXICALI,2,5,2250,URBANO(A),0,0,0,0,0,0,0,0,NO,N/D,N/D,N/D,N/D,2125,0,0,0
ENSENADA,3,16,2252,URBANO(A),0,0,0,0,0,0,0,0,NO,N/D,N/D,N/D,N/D,1503,0,0,0
ENSENADA,3,16,2253,URBANO(A),0,0,0,0,0,0,0,0,NO,N/D,N/D,N/D,N/D,1805,0,0,0
ENSENADA,3,16,2254,URBANO(A),0,0,0,0,0,0,0,0,NO,N/D,N/D,N/D,N/D,1962,0,0,0
ENSENADA,3,16,2255,URBANO(A),0,0,0,0,0,0,0,0,NO,N/D,N/D,N/D,N/D,2157,0,0,0
ENSENADA,3,16,2256,URBANO(A),0,0,0,0,0,0,0,0,NO,N/D,N/D,N/D,N/D,1802,0,0,0
SAN QUINTIN,3,17,2257,URBANO(A),0,0,0,0,0,0,0,0,NO,N/D,N/D,N/D,N/D,533,0,0,0
SAN QUINTIN,3,17,2258,MIXTO(A),0,0,0,0,0,0,0,0,NO,N/D,N/D,N/D,N/D,790,0,0,0
SAN QUINTIN,3,17,2270,MIXTO(A),0,0,0,0,0,0,0,0,NO,N/D,N/D,N/D,N/D,1142,0,0,0
SAN QUINTIN,3,17,2259,RURAL,0,0,0,0,0,0,0,0,NO,N/D,N/D,N/D,N/D,395,0,0,0
SAN QUINTIN,3,17,2260,MIXTO(A),0,0,0,0,0,0,0,0,NO,N/D,N/D,N/D,N/D,1336,0,0,0
SAN QUINTIN,3,17,2261,URBANO(A),0,0,0,0,0,0,0,0,NO,N/D,N/D,N/D,N/D,1767,0,0,0
SAN QUINTIN,3,17,2271,URBANO(A),0,0,0,0,0,0,0,0,NO,N/D,N/D,N/D,N/D,1187,0,0,0
SAN QUINTIN,3,17,2262,URBANO(A),0,0,0,0,0,0,0,0,NO,N/D,N/D,N/D,N/D,1667,0,0,0
SAN QUINTIN,3,17,2263,MIXTO(A),0,0,0,0,0,0,0,0,NO,N/D,N/D,N/D,N/D,1888,0,0,0
SAN QUINTIN,3,17,2264,MIXTO(A),0,0,0,0,0,0,0,0,NO,N/D,N/D,N/D,N/D,1143,0,0,0
SAN QUINTIN,3,17,2265,MIXTO(A),0,0,0,0,0,0,0,0,NO,N/D,N/D,N/D,N/D,1093,0,0,0
SAN QUINTIN,3,17,2272,URBANO(A),0,0,0,0,0,0,0,0,NO,N/D,N/D,N/D,N/D,1187,0,0,0
SAN QUINTIN,3,17,2266,MIXTO(A),0,0,0,0,0,0,0,0,NO,N/D,N/D,N/D,N/D,509,0,0,0
SAN QUINTIN,3,17,2267,URBANO(A),0,0,0,0,0,0,0,0,NO,N/D,N/D,N/D,N/D,1045,0,0,0
SAN QUINTIN,3,17,2268,MIXTO(A),0,0,0,0,0,0,0,0,NO,N/D,N/D,N/D,N/D,1101,0,0,0
SAN QUINTIN,3,17,2269,MIXTO(A),0,0,0,0,0,0,0,0,NO,N/D,N/D,N/D,N/D,1047,0,0,0
TIJUANA,4,8,2273,URBANO(A),0,0,0,0,0,0,0,0,NO,N/D,N/D,N/D,N/D,1991,0,0,0
TIJUANA,4,8,2274,URBANO(A),0,0,0,0,0,0,0,0,NO,N/D,N/D,N/D,N/D,1711,0,0,0
TIJUANA,4,8,2275,URBANO(A),0,0,0,0,0,0,0,0,NO,N/D,N/D,N/D,N/D,1886,0,0,0
TIJUANA,4,8,2276,URBANO(A),0,0,0,0,0,0,0,0,NO,N/D,N/D,N/D,N/D,1726,0,0,0
TIJUANA,4,8,2277,URBANO(A),0,0,0,0,0,0,0,0,NO,N/D,N/D,N/D,N/D,1831,0,0,0
TIJUANA,5,8,2278,URBANO(A),0,0,0,0,0,0,0,0,NO,N/D,N/D,N/D,N/D,1884,0,0,0
TIJUANA,5,8,2279,URBANO(A),0,0,0,0,0,0,0,0,NO,N/D,N/D,N/D,N/D,1120,0,0,0
TIJUANA,5,8,2280,URBANO(A),0,0,0,0,0,0,0,0,NO,N/D,N/D,N/D,N/D,1798,0,0,0
TIJUANA,5,8,2281,URBANO(A),0,0,0,0,0,0,0,0,NO,N/D,N/D,N/D,N/D,1848,0,0,0
TIJUANA,5,8,2282,URBANO(A),0,0,0,0,0,0,0,0,NO,N/D,N/D,N/D,N/D,1841,0,0,0
TIJUANA,5,8,2283,URBANO(A),0,0,0,0,0,0,0,0,NO,N/D,N/D,N/D,N/D,1831,0,0,0
TIJUANA,6,11,2284,URBANO(A),0,0,0,0,0,0,0,0,NO,N/D,N/D,N/D,N/D,1873,0,0,0
TIJUANA,6,11,2285,URBANO(A),0,0,0,0,0,0,0,0,NO,N/D,N/D,N/D,N/D,1895,0,0,0
TIJUANA,6,11,2286,URBANO(A),0,0,0,0,0,0,0,0,NO,N/D,N/D,N/D,N/D,1829,0,0,0
TIJUANA,6,11,2287,URBANO(A),0,0,0,0,0,0,0,0,NO,N/D,N/D,N/D,N/D,1919,0,0,0
TIJUANA,6,11,2288,URBANO(A),0,0,0,0,0,0,0,0,NO,N/D,N/D,N/D,N/D,1893,0,0,0
TIJUANA,6,11,2289,MIXTO(A),0,0,0,0,0,0,0,0,NO,N/D,N/D,N/D,N/D,535,0,0,0
TIJUANA,6,11,2292,MIXTO(A),0,0,0,0,0,0,0,0,NO,N/D,N/D,N/D,N/D,940,0,0,0
TIJUANA,6,11,2290,MIXTO(A),0,0,0,0,0,0,0,0,NO,N/D,N/D,N/D,N/D,1395,0,0,0
TIJUANA,6,11,2291,MIXTO(A),0,0,0,0,0,0,0,0,NO,N/D,N/D,N/D,N/D,1770,0,0,0
TIJUANA,6,11,2293,URBANO(A),0,0,0,0,0,0,0,0,NO,N/D,N/D,N/D,N/D,1288,0,0,0
TIJUANA,6,11,2294,URBANO(A),0,0,0,0,0,0,0,0,NO,N/D,N/D,N/D,N/D,1211,0,0,0
TIJUANA,6,11,2295,URBANO(A),0,0,0,0,0,0,0,0,NO,N/D,N/D,N/D,N/D,1719,0,0,0
TIJUANA,6,11,2296,RURAL,0,0,0,0,0,0,0,0,NO,N/D,N/D,N/D,N/D,486,0,0,0
TIJUANA,8,13,2297,URBANO(A),0,0,0,0,0,0,0,0,NO,N/D,N/D,N/D,N/D,1282,0,0,0
TIJUANA,8,13,2298,URBANO(A),0,0,0,0,0,0,0,0,NO,N/D,N/D,N/D,N/D,920,0,0,0
TIJUANA,8,13,2299,URBANO(A),0,0,0,0,0,0,0,0,NO,N/D,N/D,N/D,N/D,1479,0,0,0
TIJUANA,8,13,2300,URBANO(A),0,0,0,0,0,0,0,0,NO,N/D,N/D,N/D,N/D,2265,0,0,0
TIJUANA,8,13,2301,URBANO(A),0,0,0,0,0,0,0,0,NO,N/D,N/D,N/D,N/D,1767,0,0,0
TIJUANA,8,13,2302,URBANO(A),0,0,0,0,0,0,0,0,NO,N/D,N/D,N/D,N/D,2704,0,0,0
TIJUANA,8,13,2303,URBANO(A),0,0,0,0,0,0,0,0,NO,N/D,N/D,N/D,N/D,1593,0,0,0
TIJUANA,8,12,2304,URBANO(A),0,0,0,0,0,0,0,0,NO,N/D,N/D,N/D,N/D,1047,0,0,0
TIJUANA,8,12,2305,URBANO(A),0,0,0,0,0,0,0,0,NO,N/D,N/D,N/D,N/D,2112,0,0,0
TIJUANA,8,12,2306,URBANO(A),0,0,0,0,0,0,0,0,NO,N/D,N/D,N/D,N/D,1291,0,0,0
TIJUANA,8,12,2307,URBANO(A),0,0,0,0,0,0,0,0,NO,N/D,N/D,N/D,N/D,863,0,0,0
TIJUANA,8,12,2308,URBANO(A),0,0,0,0,0,0,0,0,NO,N/D,N/D,N/D,N/D,1554,0,0,0
TIJUANA,8,12,2309,URBANO(A),0,0,0,0,0,0,0,0,NO,N/D,N/D,N/D,N/D,1341,0,0,0
TIJUANA,8,12,2310,MIXTO(A),0,0,0,0,0,0,0,0,NO,N/D,N/D,N/D,N/D,1727,0,0,0
TECATE,9,6,2316,URBANO(A),0,0,0,0,0,0,0,0,NO,N/D,N/D,N/D,N/D,2029,0,0,0
PLAYAS DE ROSARITO,9,15,2338,RURAL,0,0,0,0,0,0,0,0,NO,N/D,N/D,N/D,N/D,798,0,0,0
TECATE,9,6,2311,MIXTO(A),0,0,0,0,0,0,0,0,NO,N/D,N/D,N/D,N/D,1532,0,0,0
TECATE,9,6,2317,URBANO(A),0,0,0,0,0,0,0,0,NO,N/D,N/D,N/D,N/D,550,0,0,0
TECATE,9,6,2312,MIXTO(A),0,0,0,0,0,0,0,0,NO,N/D,N/D,N/D,N/D,587,0,0,0
TECATE,9,6,2313,URBANO(A),0,0,0,0,0,0,0,0,NO,N/D,N/D,N/D,N/D,1669,0,0,0
TECATE,9,6,2314,MIXTO(A),0,0,0,0,0,0,0,0,NO,N/D,N/D,N/D,N/D,1704,0,0,0
TECATE,9,6,2315,MIXTO(A),0,0,0,0,0,0,0,0,NO,N/D,N/D,N/D,N/D,656,0,0,0
PLAYAS DE ROSARITO,9,15,2325,URBANO(A),0,0,0,0,0,0,0,0,NO,N/D,N/D,N/D,N/D,873,0,0,0
TECATE,9,6,2318,URBANO(A),0,0,0,0,0,0,0,0,NO,N/D,N/D,N/D,N/D,708,0,0,0
PLAYAS DE ROSARITO,9,15,2319,URBANO(A),0,0,0,0,0,0,0,0,NO,N/D,N/D,N/D,N/D,2139,0,0,0
PLAYAS DE ROSARITO,9,15,2320,URBANO(A),0,0,0,0,0,0,0,0,NO,N/D,N/D,N/D,N/D,2021,0,0,0
PLAYAS DE ROSARITO,9,15,2321,URBANO(A),0,0,0,0,0,0,0,0,NO,N/D,N/D,N/D,N/D,2210,0,0,0
PLAYAS DE ROSARITO,9,15,2322,URBANO(A),0,0,0,0,0,0,0,0,NO,N/D,N/D,N/D,N/D,2187,0,0,0
PLAYAS DE ROSARITO,9,15,2323,URBANO(A),0,0,0,0,0,0,0,0,NO,N/D,N/D,N/D,N/D,2192,0,0,0
PLAYAS DE ROSARITO,9,15,2324,RURAL,0,0,0,0,0,0,0,0,NO,N/D,N/D,N/D,N/D,853,0,0,0
PLAYAS DE ROSARITO,9,15,2326,MIXTO(A),0,0,0,0,0,0,0,0,NO,N/D,N/D,N/D,N/D,1875,0,0,0
PLAYAS DE ROSARITO,9,15,2327,MIXTO(A),0,0,0,0,0,0,0,0,NO,N/D,N/D,N/D,N/D,919,0,0,0
PLAYAS DE ROSARITO,9,15,2332,MIXTO(A),0,0,0,0,0,0,0,0,NO,N/D,N/D,N/D,N/D,597,0,0,0
PLAYAS DE ROSARITO,9,15,2333,URBANO(A),0,0,0,0,0,0,0,0,NO,N/D,N/D,N/D,N/D,923,0,0,0
PLAYAS DE ROSARITO,9,15,2334,MIXTO(A),0,0,0,0,0,0,0,0,NO,N/D,N/D,N/D,N/D,1231,0,0,0
PLAYAS DE ROSARITO,9,15,2328,MIXTO(A),0,0,0,0,0,0,0,0,NO,N/D,N/D,N/D,N/D,1254,0,0,0
PLAYAS DE ROSARITO,9,15,2329,RURAL,0,0,0,0,0,0,0,0,NO,N/D,N/D,N/D,N/D,1215,0,0,0
PLAYAS DE ROSARITO,9,15,2330,URBANO(A),0,0,0,0,0,0,0,0,NO,N/D,N/D,N/D,N/D,582,0,0,0
PLAYAS DE ROSARITO,9,15,2331,URBANO(A),0,0,0,0,0,0,0,0,NO,N/D,N/D,N/D,N/D,801,0,0,0
PLAYAS DE ROSARITO,9,15,2335,MIXTO(A),0,0,0,0,0,0,0,0,NO,N/D,N/D,N/D,N/D,943,0,0,0
PLAYAS DE ROSARITO,9,15,2336,RURAL,0,0,0,0,0,0,0,0,NO,N/D,N/D,N/D,N/D,992,0,0,0
PLAYAS DE ROSARITO,9,15,2337,MIXTO(A),0,0,0,0,0,0,0,0,NO,N/D,N/D,N/D,N/D,1068,0,0,0